#options: 1080x1920 fps=30/1 timebase=1/30 bitdepth=8 cabac=1 ref=1 deblock=1:0:0 analyse=0x1:0 me=dia subme=2 psy=1 psy_rd=1.00:0.00 mixed_ref=0 me_range=16 chroma_me=1 trellis=0 8x8dct=0 cqm=0 deadzone=21,11 fast_pskip=1 chroma_qp_offset=0 threads=6 lookahead_threads=2 sliced_threads=0 nr=0 decimate=1 interlaced=0 bluray_compat=0 constrained_intra=0 bframes=3 b_pyramid=2 b_adapt=1 b_bias=0 direct=3 weightb=1 open_gop=0 weightp=2 keyint=250 keyint_min=25 scenecut=40 intra_refresh=0 rc_lookahead=50 rc=abr mbtree=1 bitrate=3220 ratetol=1.0 qcomp=0.60 qpmin=0 qpmax=69 qpstep=4 ip_ratio=1.40 aq=1:1.00
in:0 out:0 type:I dur:2 cpbdur:2 q:29.39 aq:22.86 tex:568138 mv:207422 misc:6288 imb:8160 pmb:0 smb:0 d:- ref:;
in:4 out:1 type:P dur:2 cpbdur:2 q:30.76 aq:24.42 tex:203544 mv:48916 misc:5460 imb:1589 pmb:4500 smb:2071 d:- ref:0 ;
in:2 out:2 type:B dur:2 cpbdur:2 q:30.76 aq:26.01 tex:23760 mv:25158 misc:5786 imb:154 pmb:2419 smb:5587 d:s ref:0 ;
in:1 out:3 type:b dur:2 cpbdur:2 q:30.76 aq:26.03 tex:13797 mv:22233 misc:5474 imb:177 pmb:2731 smb:5252 d:s ref:0 ;
in:3 out:4 type:b dur:2 cpbdur:2 q:30.76 aq:24.72 tex:1767 mv:2880 misc:3817 imb:10 pmb:892 smb:7258 d:- ref:0 ;
in:7 out:5 type:P dur:2 cpbdur:2 q:31.00 aq:24.17 tex:309409 mv:57766 misc:4633 imb:1927 pmb:4755 smb:1478 d:- ref:0 ;
in:5 out:6 type:B dur:2 cpbdur:2 q:30.84 aq:27.01 tex:26662 mv:33496 misc:5922 imb:252 pmb:3450 smb:4458 d:s ref:0 ;
in:6 out:7 type:b dur:2 cpbdur:2 q:30.92 aq:27.49 tex:15780 mv:20293 misc:4967 imb:150 pmb:1582 smb:6428 d:- ref:0 ;
in:11 out:8 type:P dur:2 cpbdur:2 q:39.00 aq:31.79 tex:40435 mv:22307 misc:5410 imb:902 pmb:1573 smb:5685 d:s ref:0 ;
in:9 out:9 type:B dur:2 cpbdur:2 q:35.00 aq:29.21 tex:11200 mv:17392 misc:4840 imb:167 pmb:1541 smb:6452 d:s ref:0 ;
in:8 out:10 type:b dur:2 cpbdur:2 q:33.00 aq:27.23 tex:6919 mv:12084 misc:4181 imb:103 pmb:1207 smb:6850 d:s ref:0 ;
in:10 out:11 type:b dur:2 cpbdur:2 q:37.00 aq:31.58 tex:1679 mv:4337 misc:3584 imb:32 pmb:866 smb:7262 d:- ref:0 ;
in:15 out:12 type:P dur:2 cpbdur:2 q:36.92 aq:30.92 tex:85305 mv:37391 misc:5352 imb:2103 pmb:2576 smb:3481 d:s ref:0 ;
in:13 out:13 type:B dur:2 cpbdur:2 q:37.96 aq:31.95 tex:8292 mv:17565 misc:5103 imb:222 pmb:1525 smb:6413 d:s ref:0 ;
in:12 out:14 type:b dur:2 cpbdur:2 q:38.48 aq:33.74 tex:3254 mv:8825 misc:3345 imb:112 pmb:789 smb:7259 d:s ref:0 ;
in:14 out:15 type:b dur:2 cpbdur:2 q:37.44 aq:29.68 tex:3094 mv:7571 misc:3215 imb:88 pmb:738 smb:7334 d:- ref:0 ;
in:17 out:16 type:P dur:2 cpbdur:2 q:34.40 aq:27.02 tex:137235 mv:47499 misc:5746 imb:1921 pmb:4003 smb:2236 d:s ref:0 ;
in:16 out:17 type:b dur:2 cpbdur:2 q:35.66 aq:31.46 tex:5800 mv:11518 misc:3706 imb:123 pmb:1024 smb:7013 d:s ref:0 ;
in:21 out:18 type:P dur:2 cpbdur:2 q:34.18 aq:27.22 tex:109667 mv:41573 misc:6320 imb:1662 pmb:3419 smb:3079 d:s ref:0 ;
in:19 out:19 type:B dur:2 cpbdur:2 q:34.29 aq:28.71 tex:13247 mv:17458 misc:4591 imb:203 pmb:1468 smb:6489 d:s ref:0 ;
in:18 out:20 type:b dur:2 cpbdur:2 q:34.34 aq:26.76 tex:659 mv:1987 misc:2354 imb:15 pmb:486 smb:7659 d:s ref:0 ;
in:20 out:21 type:b dur:2 cpbdur:2 q:34.23 aq:29.46 tex:7510 mv:13398 misc:3796 imb:108 pmb:1101 smb:6951 d:- ref:0 ;
in:23 out:22 type:P dur:2 cpbdur:2 q:33.37 aq:26.04 tex:150631 mv:43282 misc:6039 imb:1531 pmb:4111 smb:2518 d:s ref:0 ;
in:22 out:23 type:b dur:2 cpbdur:2 q:33.77 aq:29.84 tex:7767 mv:12631 misc:3722 imb:97 pmb:1038 smb:7025 d:t ref:0 ;
in:27 out:24 type:P dur:2 cpbdur:2 q:33.32 aq:26.39 tex:92754 mv:34644 misc:6690 imb:1189 pmb:3213 smb:3758 d:s ref:0 ;
in:25 out:25 type:B dur:2 cpbdur:2 q:33.35 aq:27.43 tex:11043 mv:13676 misc:3505 imb:148 pmb:1049 smb:6963 d:s ref:0 ;
in:24 out:26 type:b dur:2 cpbdur:2 q:33.36 aq:27.25 tex:473 mv:1621 misc:2202 imb:15 pmb:478 smb:7667 d:s ref:0 ;
in:26 out:27 type:b dur:2 cpbdur:2 q:33.33 aq:28.33 tex:6990 mv:8123 misc:2743 imb:80 pmb:715 smb:7365 d:- ref:0 ;
in:30 out:28 type:P dur:2 cpbdur:2 q:32.51 aq:25.24 tex:148288 mv:44413 misc:5627 imb:1537 pmb:4193 smb:2430 d:s ref:0 ;
in:28 out:29 type:B dur:2 cpbdur:2 q:33.05 aq:27.50 tex:7673 mv:11122 misc:3541 imb:69 pmb:1065 smb:7026 d:s ref:0 ;
in:29 out:30 type:b dur:2 cpbdur:2 q:32.78 aq:27.76 tex:6349 mv:10118 misc:3301 imb:64 pmb:883 smb:7213 d:- ref:0 ;
in:34 out:31 type:P dur:2 cpbdur:2 q:32.05 aq:25.04 tex:119406 mv:38160 misc:6410 imb:1323 pmb:3739 smb:3098 d:s ref:0 ;
in:32 out:32 type:B dur:2 cpbdur:2 q:32.28 aq:26.35 tex:14557 mv:14317 misc:4158 imb:132 pmb:1313 smb:6715 d:s ref:0 ;
in:31 out:33 type:b dur:2 cpbdur:2 q:32.40 aq:22.68 tex:697 mv:1544 misc:2007 imb:1 pmb:431 smb:7728 d:s ref:0 ;
in:33 out:34 type:b dur:2 cpbdur:2 q:32.16 aq:26.49 tex:14042 mv:12515 misc:3379 imb:125 pmb:1039 smb:6996 d:- ref:0 ;
in:37 out:35 type:P dur:2 cpbdur:2 q:31.50 aq:23.81 tex:205987 mv:49607 misc:5150 imb:1736 pmb:4779 smb:1645 d:s ref:0 ;
in:35 out:36 type:B dur:2 cpbdur:2 q:31.87 aq:26.34 tex:20070 mv:19194 misc:4384 imb:312 pmb:1420 smb:6428 d:t ref:0 ;
in:36 out:37 type:b dur:2 cpbdur:2 q:31.69 aq:25.14 tex:8794 mv:10693 misc:3465 imb:115 pmb:982 smb:7063 d:- ref:0 ;
in:41 out:38 type:P dur:2 cpbdur:2 q:31.28 aq:23.61 tex:171682 mv:44734 misc:5936 imb:1055 pmb:4444 smb:2661 d:s ref:0 ;
in:39 out:39 type:B dur:2 cpbdur:2 q:31.39 aq:26.82 tex:13911 mv:17912 misc:5145 imb:106 pmb:1587 smb:6467 d:s ref:0 ;
in:38 out:40 type:b dur:2 cpbdur:2 q:31.45 aq:20.48 tex:587 mv:1219 misc:2266 imb:3 pmb:466 smb:7691 d:s ref:0 ;
in:40 out:41 type:b dur:2 cpbdur:2 q:31.34 aq:27.76 tex:8576 mv:11350 misc:3898 imb:42 pmb:1087 smb:7031 d:- ref:0 ;
in:43 out:42 type:P dur:2 cpbdur:2 q:30.84 aq:23.17 tex:142007 mv:35977 misc:6304 imb:768 pmb:4662 smb:2730 d:s ref:0 ;
in:42 out:43 type:b dur:2 cpbdur:2 q:31.06 aq:24.51 tex:4418 mv:7137 misc:3237 imb:41 pmb:805 smb:7314 d:s ref:0 ;
in:47 out:44 type:P dur:2 cpbdur:2 q:30.88 aq:23.71 tex:158615 mv:38768 misc:6105 imb:963 pmb:4304 smb:2893 d:s ref:0 ;
in:45 out:45 type:B dur:2 cpbdur:2 q:30.86 aq:25.24 tex:13425 mv:15323 misc:4460 imb:177 pmb:1275 smb:6708 d:s ref:0 ;
in:44 out:46 type:b dur:2 cpbdur:2 q:30.85 aq:23.84 tex:638 mv:2470 misc:2692 imb:10 pmb:580 smb:7570 d:s ref:0 ;
in:46 out:47 type:b dur:2 cpbdur:2 q:30.87 aq:25.79 tex:8092 mv:12197 misc:3703 imb:147 pmb:958 smb:7055 d:- ref:0 ;
in:51 out:48 type:P dur:2 cpbdur:2 q:30.43 aq:23.36 tex:142399 mv:37246 misc:5875 imb:816 pmb:4301 smb:3043 d:s ref:0 ;
in:49 out:49 type:B dur:2 cpbdur:2 q:30.65 aq:25.65 tex:18726 mv:15136 misc:5074 imb:100 pmb:1629 smb:6431 d:s ref:0 ;
in:48 out:50 type:b dur:2 cpbdur:2 q:30.76 aq:24.31 tex:9318 mv:10662 misc:3612 imb:94 pmb:1049 smb:7017 d:s ref:0 ;
in:50 out:51 type:b dur:2 cpbdur:2 q:30.54 aq:24.64 tex:1254 mv:1687 misc:2899 imb:6 pmb:603 smb:7551 d:- ref:0 ;
in:55 out:52 type:P dur:2 cpbdur:2 q:29.94 aq:22.97 tex:181106 mv:45613 misc:5849 imb:1084 pmb:5034 smb:2042 d:s ref:0 ;
in:53 out:53 type:B dur:2 cpbdur:2 q:30.18 aq:24.74 tex:21734 mv:17260 misc:5470 imb:141 pmb:1779 smb:6240 d:s ref:0 ;
in:52 out:54 type:b dur:2 cpbdur:2 q:30.31 aq:26.45 tex:13214 mv:15510 misc:4828 imb:56 pmb:1614 smb:6490 d:s ref:0 ;
in:54 out:55 type:b dur:2 cpbdur:2 q:30.06 aq:25.68 tex:13758 mv:7927 misc:2875 imb:46 pmb:777 smb:7337 d:- ref:0 ;
in:57 out:56 type:P dur:2 cpbdur:2 q:29.59 aq:22.42 tex:185431 mv:44830 misc:5603 imb:1057 pmb:5060 smb:2043 d:s ref:0 ;
in:56 out:57 type:b dur:2 cpbdur:2 q:29.77 aq:26.54 tex:15517 mv:14713 misc:4818 imb:61 pmb:1468 smb:6631 d:s ref:0 ;
in:61 out:58 type:P dur:2 cpbdur:2 q:29.64 aq:23.07 tex:191258 mv:41387 misc:5339 imb:1812 pmb:3918 smb:2430 d:s ref:0 ;
in:59 out:59 type:B dur:2 cpbdur:2 q:29.61 aq:24.68 tex:43066 mv:26679 misc:4911 imb:503 pmb:1865 smb:5792 d:s ref:0 ;
in:58 out:60 type:b dur:2 cpbdur:2 q:29.60 aq:22.07 tex:1009 mv:2334 misc:2953 imb:8 pmb:666 smb:7486 d:s ref:0 ;
in:60 out:61 type:b dur:2 cpbdur:2 q:29.63 aq:24.37 tex:32339 mv:19331 misc:3218 imb:448 pmb:1217 smb:6495 d:- ref:0 ;
in:63 out:62 type:P dur:2 cpbdur:2 q:29.42 aq:22.10 tex:184116 mv:43364 misc:5288 imb:1708 pmb:3999 smb:2453 d:s ref:0 ;
in:62 out:63 type:b dur:2 cpbdur:2 q:29.53 aq:24.66 tex:33647 mv:22036 misc:3461 imb:500 pmb:1363 smb:6297 d:s ref:0 ;
in:67 out:64 type:P dur:2 cpbdur:2 q:29.55 aq:23.17 tex:151399 mv:40771 misc:5614 imb:1586 pmb:3962 smb:2612 d:s ref:0 ;
in:65 out:65 type:B dur:2 cpbdur:2 q:29.49 aq:24.14 tex:46370 mv:24604 misc:4138 imb:389 pmb:1770 smb:6001 d:s ref:0 ;
in:64 out:66 type:b dur:2 cpbdur:2 q:29.45 aq:22.29 tex:1077 mv:1855 misc:2484 imb:5 pmb:541 smb:7614 d:s ref:0 ;
in:66 out:67 type:b dur:2 cpbdur:2 q:29.52 aq:24.24 tex:20782 mv:15474 misc:4008 imb:220 pmb:1343 smb:6597 d:- ref:0 ;
in:70 out:68 type:P dur:2 cpbdur:2 q:29.36 aq:22.00 tex:361761 mv:51949 misc:3210 imb:3709 pmb:3382 smb:1069 d:s ref:0 ;
in:68 out:69 type:B dur:2 cpbdur:2 q:29.49 aq:23.86 tex:51381 mv:27997 misc:4806 imb:792 pmb:1977 smb:5391 d:s ref:0 ;
in:69 out:70 type:b dur:2 cpbdur:2 q:29.42 aq:24.55 tex:44696 mv:25375 misc:4777 imb:533 pmb:1948 smb:5679 d:- ref:0 ;
in:74 out:71 type:P dur:2 cpbdur:2 q:29.59 aq:22.49 tex:184085 mv:45436 misc:5351 imb:1490 pmb:4397 smb:2273 d:s ref:0 ;
in:72 out:72 type:B dur:2 cpbdur:2 q:29.47 aq:24.27 tex:34416 mv:25731 misc:5533 imb:348 pmb:2100 smb:5712 d:t ref:0 ;
in:71 out:73 type:b dur:2 cpbdur:2 q:29.42 aq:22.13 tex:1235 mv:1674 misc:3003 imb:3 pmb:665 smb:7492 d:s ref:0 ;
in:73 out:74 type:b dur:2 cpbdur:2 q:29.53 aq:24.62 tex:15789 mv:12688 misc:4299 imb:126 pmb:1264 smb:6770 d:- ref:0 ;
in:78 out:75 type:P dur:2 cpbdur:2 q:29.66 aq:22.95 tex:217491 mv:50102 misc:4415 imb:1810 pmb:4490 smb:1860 d:s ref:0 ;
in:76 out:76 type:B dur:2 cpbdur:2 q:29.62 aq:25.23 tex:38749 mv:27882 misc:5609 imb:570 pmb:2157 smb:5433 d:s ref:0 ;
in:75 out:77 type:b dur:2 cpbdur:2 q:29.61 aq:25.82 tex:23025 mv:19039 misc:4392 imb:355 pmb:1451 smb:6354 d:s ref:0 ;
in:77 out:78 type:b dur:2 cpbdur:2 q:29.64 aq:23.72 tex:1781 mv:1781 misc:2886 imb:9 pmb:662 smb:7489 d:- ref:0 ;
in:82 out:79 type:P dur:2 cpbdur:2 q:29.55 aq:22.66 tex:199057 mv:49222 misc:4665 imb:1813 pmb:4293 smb:2054 d:s ref:0 ;
in:80 out:80 type:B dur:2 cpbdur:2 q:29.60 aq:24.50 tex:40525 mv:32098 misc:5513 imb:311 pmb:2541 smb:5308 d:s ref:0 ;
in:79 out:81 type:b dur:2 cpbdur:2 q:29.63 aq:25.13 tex:22444 mv:19688 misc:4028 imb:214 pmb:1523 smb:6423 d:s ref:0 ;
in:81 out:82 type:b dur:2 cpbdur:2 q:29.57 aq:25.22 tex:19942 mv:20410 misc:4856 imb:149 pmb:1763 smb:6248 d:- ref:0 ;
in:86 out:83 type:P dur:2 cpbdur:2 q:29.50 aq:23.03 tex:181361 mv:46589 misc:4954 imb:1081 pmb:4524 smb:2555 d:s ref:0 ;
in:84 out:84 type:B dur:2 cpbdur:2 q:29.53 aq:24.38 tex:44090 mv:33122 misc:6380 imb:188 pmb:3015 smb:4957 d:s ref:0 ;
in:83 out:85 type:b dur:2 cpbdur:2 q:29.54 aq:22.85 tex:1047 mv:1305 misc:2024 imb:7 pmb:410 smb:7743 d:s ref:0 ;
in:85 out:86 type:b dur:2 cpbdur:2 q:29.52 aq:24.44 tex:11052 mv:12378 misc:3626 imb:63 pmb:1202 smb:6895 d:- ref:0 ;
in:90 out:87 type:P dur:2 cpbdur:2 q:29.34 aq:22.34 tex:313958 mv:59885 misc:3373 imb:2227 pmb:4728 smb:1205 d:s ref:0 ;
in:88 out:88 type:B dur:2 cpbdur:2 q:29.42 aq:25.15 tex:58700 mv:42898 misc:6170 imb:409 pmb:3162 smb:4589 d:s ref:0 ;
in:87 out:89 type:b dur:2 cpbdur:2 q:29.46 aq:26.08 tex:29633 mv:27972 misc:5755 imb:205 pmb:2286 smb:5669 d:s ref:0 ;
in:89 out:90 type:b dur:2 cpbdur:2 q:29.38 aq:24.22 tex:28498 mv:20916 misc:3746 imb:216 pmb:1645 smb:6299 d:- ref:0 ;
in:94 out:91 type:P dur:2 cpbdur:2 q:29.44 aq:22.61 tex:246994 mv:53861 misc:4369 imb:1941 pmb:4277 smb:1942 d:s ref:0 ;
in:92 out:92 type:B dur:2 cpbdur:2 q:29.39 aq:25.10 tex:47914 mv:36420 misc:5642 imb:413 pmb:2457 smb:5290 d:s ref:0 ;
in:91 out:93 type:b dur:2 cpbdur:2 q:29.37 aq:21.71 tex:520 mv:953 misc:1455 imb:3 pmb:295 smb:7862 d:s ref:0 ;
in:93 out:94 type:b dur:2 cpbdur:2 q:29.41 aq:25.91 tex:31467 mv:25942 misc:4975 imb:312 pmb:1901 smb:5947 d:- ref:0 ;
in:97 out:95 type:P dur:2 cpbdur:2 q:29.60 aq:22.42 tex:227081 mv:51009 misc:4158 imb:1785 pmb:4428 smb:1947 d:s ref:0 ;
in:95 out:96 type:B dur:2 cpbdur:2 q:29.49 aq:24.75 tex:42662 mv:32227 misc:5751 imb:485 pmb:2453 smb:5222 d:s ref:0 ;
in:96 out:97 type:b dur:2 cpbdur:2 q:29.55 aq:24.78 tex:27465 mv:20586 misc:4765 imb:369 pmb:1618 smb:6173 d:- ref:0 ;
in:100 out:98 type:P dur:2 cpbdur:2 q:29.75 aq:23.48 tex:189949 mv:44044 misc:4559 imb:1757 pmb:3989 smb:2414 d:s ref:0 ;
in:98 out:99 type:B dur:2 cpbdur:2 q:29.65 aq:24.46 tex:891 mv:1652 misc:1841 imb:7 pmb:370 smb:7783 d:s ref:0 ;
in:99 out:100 type:b dur:2 cpbdur:2 q:29.70 aq:25.41 tex:41436 mv:28523 misc:4425 imb:524 pmb:1836 smb:5800 d:- ref:0 ;
in:102 out:101 type:P dur:2 cpbdur:2 q:29.71 aq:22.88 tex:196400 mv:41796 misc:5028 imb:1987 pmb:3644 smb:2529 d:s ref:0 ;
in:101 out:102 type:b dur:2 cpbdur:2 q:29.73 aq:24.52 tex:40883 mv:27219 misc:3682 imb:553 pmb:1644 smb:5963 d:s ref:0 ;
in:106 out:103 type:P dur:2 cpbdur:2 q:29.71 aq:22.51 tex:261089 mv:50408 misc:4071 imb:2320 pmb:4311 smb:1529 d:s ref:0 ;
in:104 out:104 type:B dur:2 cpbdur:2 q:29.71 aq:23.84 tex:51940 mv:32622 misc:4894 imb:573 pmb:2385 smb:5202 d:s ref:0 ;
in:103 out:105 type:b dur:2 cpbdur:2 q:29.71 aq:23.18 tex:1067 mv:1674 misc:2499 imb:12 pmb:580 smb:7568 d:s ref:0 ;
in:105 out:106 type:b dur:2 cpbdur:2 q:29.71 aq:25.05 tex:30091 mv:25707 misc:4250 imb:502 pmb:1714 smb:5944 d:- ref:0 ;
in:110 out:107 type:P dur:2 cpbdur:2 q:29.87 aq:22.25 tex:226179 mv:48903 misc:4774 imb:1883 pmb:4118 smb:2159 d:s ref:0 ;
in:108 out:108 type:B dur:2 cpbdur:2 q:29.79 aq:23.98 tex:35475 mv:30122 misc:4827 imb:351 pmb:2284 smb:5525 d:s ref:0 ;
in:107 out:109 type:b dur:2 cpbdur:2 q:29.75 aq:24.77 tex:16094 mv:18706 misc:4064 imb:212 pmb:1550 smb:6398 d:s ref:0 ;
in:109 out:110 type:b dur:2 cpbdur:2 q:29.83 aq:24.44 tex:9750 mv:13956 misc:3798 imb:136 pmb:1166 smb:6858 d:- ref:0 ;
in:114 out:111 type:P dur:2 cpbdur:2 q:29.89 aq:22.87 tex:146684 mv:42244 misc:5704 imb:1244 pmb:4512 smb:2404 d:s ref:0 ;
in:112 out:112 type:B dur:2 cpbdur:2 q:29.88 aq:24.37 tex:12765 mv:14553 misc:4266 imb:131 pmb:1338 smb:6691 d:s ref:0 ;
in:111 out:113 type:b dur:2 cpbdur:2 q:29.87 aq:23.26 tex:1469 mv:2266 misc:2697 imb:14 pmb:581 smb:7565 d:s ref:0 ;
in:113 out:114 type:b dur:2 cpbdur:2 q:29.88 aq:25.14 tex:7840 mv:9698 misc:3526 imb:78 pmb:1016 smb:7066 d:- ref:0 ;
in:118 out:115 type:P dur:2 cpbdur:2 q:29.79 aq:23.12 tex:144894 mv:42080 misc:5434 imb:1512 pmb:3849 smb:2799 d:s ref:0 ;
in:116 out:116 type:B dur:2 cpbdur:2 q:29.84 aq:24.79 tex:31250 mv:21644 misc:4786 imb:352 pmb:1766 smb:6042 d:s ref:0 ;
in:115 out:117 type:b dur:2 cpbdur:2 q:29.87 aq:25.60 tex:17249 mv:15730 misc:3957 imb:148 pmb:1358 smb:6654 d:s ref:0 ;
in:117 out:118 type:b dur:2 cpbdur:2 q:29.82 aq:24.55 tex:1519 mv:1415 misc:2378 imb:7 pmb:498 smb:7655 d:- ref:0 ;
in:122 out:119 type:P dur:2 cpbdur:2 q:29.58 aq:23.43 tex:198019 mv:51894 misc:4239 imb:1939 pmb:3918 smb:2303 d:s ref:0 ;
in:120 out:120 type:B dur:2 cpbdur:2 q:29.69 aq:25.20 tex:40628 mv:32643 misc:5425 imb:564 pmb:2360 smb:5236 d:s ref:0 ;
in:119 out:121 type:b dur:2 cpbdur:2 q:29.74 aq:25.80 tex:25412 mv:21064 misc:3476 imb:381 pmb:1361 smb:6418 d:s ref:0 ;
in:121 out:122 type:b dur:2 cpbdur:2 q:29.64 aq:25.42 tex:17919 mv:20501 misc:5180 imb:271 pmb:1808 smb:6081 d:- ref:0 ;
in:126 out:123 type:P dur:2 cpbdur:2 q:29.47 aq:22.65 tex:235470 mv:57130 misc:4304 imb:1747 pmb:4941 smb:1472 d:s ref:0 ;
in:124 out:124 type:B dur:2 cpbdur:2 q:29.53 aq:24.74 tex:42214 mv:37298 misc:7168 imb:297 pmb:3459 smb:4404 d:s ref:0 ;
in:123 out:125 type:b dur:2 cpbdur:2 q:29.56 aq:23.16 tex:995 mv:1620 misc:2585 imb:5 pmb:554 smb:7601 d:s ref:0 ;
in:125 out:126 type:b dur:2 cpbdur:2 q:29.50 aq:25.40 tex:14964 mv:16244 misc:4440 imb:180 pmb:1511 smb:6469 d:- ref:0 ;
in:130 out:127 type:P dur:2 cpbdur:2 q:29.44 aq:21.87 tex:340995 mv:61030 misc:3535 imb:1853 pmb:4887 smb:1420 d:s ref:0 ;
in:128 out:128 type:B dur:2 cpbdur:2 q:29.46 aq:25.30 tex:40046 mv:38010 misc:6824 imb:387 pmb:3156 smb:4617 d:s ref:0 ;
in:127 out:129 type:b dur:2 cpbdur:2 q:29.46 aq:26.80 tex:24192 mv:26962 misc:5734 imb:280 pmb:2033 smb:5847 d:s ref:0 ;
in:129 out:130 type:b dur:2 cpbdur:2 q:29.45 aq:26.38 tex:11355 mv:16306 misc:5115 imb:99 pmb:1475 smb:6586 d:- ref:0 ;
in:134 out:131 type:P dur:2 cpbdur:2 q:29.49 aq:22.18 tex:151766 mv:41708 misc:5326 imb:865 pmb:4530 smb:2765 d:s ref:0 ;
in:132 out:132 type:B dur:2 cpbdur:2 q:29.46 aq:24.46 tex:14654 mv:14797 misc:5029 imb:98 pmb:1620 smb:6442 d:s ref:0 ;
in:131 out:133 type:b dur:2 cpbdur:2 q:29.45 aq:22.97 tex:1074 mv:1503 misc:2135 imb:7 pmb:456 smb:7697 d:s ref:0 ;
in:133 out:134 type:b dur:2 cpbdur:2 q:29.47 aq:26.28 tex:9743 mv:12326 misc:4363 imb:72 pmb:1271 smb:6817 d:- ref:0 ;
in:137 out:135 type:P dur:2 cpbdur:2 q:29.59 aq:22.51 tex:158921 mv:41059 misc:5052 imb:920 pmb:4673 smb:2567 d:s ref:0 ;
in:135 out:136 type:B dur:2 cpbdur:2 q:29.52 aq:25.47 tex:9049 mv:11614 misc:5017 imb:47 pmb:1422 smb:6691 d:s ref:0 ;
in:136 out:137 type:b dur:2 cpbdur:2 q:29.55 aq:25.34 tex:5666 mv:7119 misc:3223 imb:42 pmb:864 smb:7254 d:- ref:0 ;
in:141 out:138 type:P dur:2 cpbdur:2 q:29.49 aq:22.91 tex:126427 mv:41317 misc:6040 imb:1307 pmb:4150 smb:2703 d:s ref:0 ;
in:139 out:139 type:B dur:2 cpbdur:2 q:29.54 aq:24.27 tex:15574 mv:15009 misc:4585 imb:159 pmb:1435 smb:6566 d:s ref:0 ;
in:138 out:140 type:b dur:2 cpbdur:2 q:29.56 aq:22.61 tex:656 mv:1203 misc:2237 imb:2 pmb:444 smb:7714 d:s ref:0 ;
in:140 out:141 type:b dur:2 cpbdur:2 q:29.51 aq:25.33 tex:20728 mv:17481 misc:4223 imb:282 pmb:1405 smb:6473 d:- ref:0 ;
in:145 out:142 type:P dur:2 cpbdur:2 q:29.25 aq:23.38 tex:104787 mv:40208 misc:6261 imb:1443 pmb:3814 smb:2903 d:s ref:0 ;
in:143 out:143 type:B dur:2 cpbdur:2 q:29.37 aq:24.22 tex:44342 mv:28788 misc:6166 imb:424 pmb:2560 smb:5176 d:s ref:0 ;
in:142 out:144 type:b dur:2 cpbdur:2 q:29.43 aq:25.09 tex:23076 mv:18748 misc:4680 imb:259 pmb:1592 smb:6309 d:s ref:0 ;
in:144 out:145 type:b dur:2 cpbdur:2 q:29.31 aq:22.91 tex:1422 mv:2102 misc:3076 imb:7 pmb:669 smb:7484 d:- ref:0 ;
in:147 out:146 type:P dur:2 cpbdur:2 q:28.97 aq:24.12 tex:89233 mv:36061 misc:6162 imb:1144 pmb:3620 smb:3396 d:s ref:0 ;
in:146 out:147 type:b dur:2 cpbdur:2 q:29.11 aq:25.74 tex:24978 mv:18523 misc:4491 imb:241 pmb:1610 smb:6309 d:s ref:0 ;
in:151 out:148 type:P dur:2 cpbdur:2 q:28.91 aq:25.20 tex:179004 mv:32539 misc:1033 imb:3223 pmb:698 smb:4239 d:s ref:0 ;
in:149 out:149 type:B dur:2 cpbdur:2 q:28.94 aq:23.50 tex:37849 mv:15472 misc:4303 imb:235 pmb:2010 smb:5915 d:s ref:0 ;
in:148 out:150 type:b dur:2 cpbdur:2 q:28.96 aq:24.18 tex:22350 mv:14220 misc:3750 imb:238 pmb:1429 smb:6493 d:s ref:0 ;
in:150 out:151 type:b dur:2 cpbdur:2 q:28.93 aq:25.11 tex:3355 mv:3755 misc:2866 imb:12 pmb:709 smb:7439 d:- ref:0 ;
in:152 out:152 type:P dur:2 cpbdur:2 q:28.71 aq:8.62 tex:728 mv:1975 misc:353 imb:8160 pmb:0 smb:0 d:s ref:0 ;
in:153 out:153 type:I dur:2 cpbdur:2 q:26.45 aq:11.63 tex:194873 mv:32919 misc:528 imb:8160 pmb:0 smb:0 d:s ref:;
in:154 out:154 type:P dur:2 cpbdur:2 q:28.95 aq:16.88 tex:227311 mv:20563 misc:1998 imb:3241 pmb:493 smb:4426 d:s ref:0 ;
in:158 out:155 type:P dur:2 cpbdur:2 q:29.01 aq:14.46 tex:91611 mv:16626 misc:3395 imb:4450 pmb:1591 smb:2119 d:s ref:0 ;
in:156 out:156 type:B dur:2 cpbdur:2 q:28.98 aq:17.95 tex:5826 mv:1928 misc:3102 imb:49 pmb:602 smb:7509 d:s ref:0 ;
in:155 out:157 type:b dur:2 cpbdur:2 q:28.97 aq:17.30 tex:3040 mv:1373 misc:2067 imb:47 pmb:402 smb:7711 d:s ref:0 ;
in:157 out:158 type:b dur:2 cpbdur:2 q:29.00 aq:18.96 tex:1378 mv:689 misc:1589 imb:12 pmb:252 smb:7896 d:- ref:0 ;
in:162 out:159 type:P dur:2 cpbdur:2 q:28.64 aq:15.09 tex:95703 mv:19967 misc:2530 imb:1884 pmb:1798 smb:4478 d:s ref:0 w:6,65,-4,6,64,0,65,-2 ;
in:160 out:160 type:B dur:2 cpbdur:2 q:28.83 aq:18.15 tex:8062 mv:3251 misc:3495 imb:64 pmb:841 smb:7255 d:s ref:0 ;
in:159 out:161 type:b dur:2 cpbdur:2 q:28.92 aq:18.93 tex:2978 mv:1175 misc:2583 imb:18 pmb:538 smb:7604 d:s ref:0 ;
in:161 out:162 type:b dur:2 cpbdur:2 q:28.74 aq:17.90 tex:3290 mv:1198 misc:2144 imb:26 pmb:381 smb:7753 d:- ref:0 ;
in:166 out:163 type:P dur:2 cpbdur:2 q:28.39 aq:16.42 tex:77415 mv:14059 misc:3974 imb:690 pmb:1886 smb:5584 d:s ref:0 ;
in:164 out:164 type:B dur:2 cpbdur:2 q:28.52 aq:17.68 tex:5424 mv:1828 misc:2636 imb:29 pmb:541 smb:7590 d:s ref:0 ;
in:163 out:165 type:b dur:2 cpbdur:2 q:28.58 aq:19.05 tex:1435 mv:566 misc:1575 imb:6 pmb:249 smb:7905 d:s ref:0 ;
in:165 out:166 type:b dur:2 cpbdur:2 q:28.46 aq:18.19 tex:1274 mv:366 misc:1408 imb:3 pmb:186 smb:7971 d:- ref:0 ;
in:170 out:167 type:P dur:2 cpbdur:2 q:28.04 aq:15.76 tex:100408 mv:17223 misc:3809 imb:960 pmb:2021 smb:5179 d:s ref:0 ;
in:168 out:168 type:B dur:2 cpbdur:2 q:28.22 aq:17.26 tex:6768 mv:2702 misc:2826 imb:35 pmb:623 smb:7502 d:s ref:0 ;
in:167 out:169 type:b dur:2 cpbdur:2 q:28.31 aq:15.60 tex:1463 mv:477 misc:1212 imb:9 pmb:144 smb:8007 d:s ref:0 ;
in:169 out:170 type:b dur:2 cpbdur:2 q:28.13 aq:16.26 tex:2828 mv:893 misc:1807 imb:26 pmb:320 smb:7814 d:- ref:0 ;
in:174 out:171 type:P dur:2 cpbdur:2 q:27.74 aq:16.58 tex:66947 mv:12419 misc:3770 imb:442 pmb:1730 smb:5988 d:s ref:0 ;
in:172 out:172 type:B dur:2 cpbdur:2 q:27.89 aq:15.89 tex:3087 mv:1714 misc:2175 imb:14 pmb:451 smb:7695 d:s ref:0 ;
in:171 out:173 type:b dur:2 cpbdur:2 q:27.97 aq:16.51 tex:824 mv:252 misc:972 imb:5 pmb:93 smb:8062 d:s ref:0 ;
in:173 out:174 type:b dur:2 cpbdur:2 q:27.82 aq:15.87 tex:2009 mv:733 misc:1474 imb:20 pmb:192 smb:7948 d:- ref:0 ;
in:177 out:175 type:P dur:2 cpbdur:2 q:27.43 aq:15.01 tex:117634 mv:17375 misc:3815 imb:1025 pmb:2011 smb:5124 d:s ref:0 ;
in:175 out:176 type:B dur:2 cpbdur:2 q:27.64 aq:15.30 tex:3593 mv:2236 misc:2163 imb:60 pmb:369 smb:7731 d:s ref:0 ;
in:176 out:177 type:b dur:2 cpbdur:2 q:27.54 aq:15.93 tex:1753 mv:1014 misc:1993 imb:10 pmb:362 smb:7788 d:- ref:0 ;
in:181 out:178 type:P dur:2 cpbdur:2 q:27.22 aq:15.72 tex:129514 mv:18289 misc:3565 imb:904 pmb:1933 smb:5323 d:s ref:0 ;
in:179 out:179 type:B dur:2 cpbdur:2 q:27.32 aq:17.81 tex:8579 mv:3229 misc:2752 imb:48 pmb:627 smb:7485 d:s ref:0 ;
in:178 out:180 type:b dur:2 cpbdur:2 q:27.38 aq:17.21 tex:1444 mv:902 misc:2166 imb:7 pmb:415 smb:7738 d:s ref:0 ;
in:180 out:181 type:b dur:2 cpbdur:2 q:27.27 aq:17.10 tex:3814 mv:1513 misc:2241 imb:52 pmb:363 smb:7745 d:- ref:0 ;
in:183 out:182 type:P dur:2 cpbdur:2 q:26.88 aq:14.89 tex:109365 mv:13751 misc:4004 imb:643 pmb:1961 smb:5556 d:s ref:0 ;
in:182 out:183 type:b dur:2 cpbdur:2 q:27.05 aq:16.91 tex:2469 mv:881 misc:2050 imb:13 pmb:358 smb:7789 d:s ref:0 ;
in:187 out:184 type:P dur:2 cpbdur:2 q:26.81 aq:14.74 tex:150060 mv:18026 misc:3386 imb:800 pmb:2088 smb:5272 d:s ref:0 ;
in:185 out:185 type:B dur:2 cpbdur:2 q:26.85 aq:17.29 tex:9626 mv:5653 misc:3217 imb:53 pmb:839 smb:7268 d:t ref:0 ;
in:184 out:186 type:b dur:2 cpbdur:2 q:26.87 aq:15.77 tex:1513 mv:1002 misc:2061 imb:8 pmb:416 smb:7736 d:s ref:0 ;
in:186 out:187 type:b dur:2 cpbdur:2 q:26.83 aq:15.28 tex:2399 mv:1167 misc:1442 imb:28 pmb:198 smb:7934 d:- ref:0 ;
in:191 out:188 type:P dur:2 cpbdur:2 q:26.54 aq:14.68 tex:101932 mv:16426 misc:3802 imb:732 pmb:1987 smb:5441 d:s ref:0 ;
in:189 out:189 type:B dur:2 cpbdur:2 q:26.67 aq:17.20 tex:10724 mv:4279 misc:3189 imb:48 pmb:776 smb:7336 d:s ref:0 ;
in:188 out:190 type:b dur:2 cpbdur:2 q:26.74 aq:15.80 tex:2010 mv:1329 misc:2037 imb:19 pmb:367 smb:7774 d:s ref:0 ;
in:190 out:191 type:b dur:2 cpbdur:2 q:26.60 aq:15.44 tex:1931 mv:1047 misc:2078 imb:4 pmb:422 smb:7734 d:- ref:0 ;
in:194 out:192 type:P dur:2 cpbdur:2 q:26.26 aq:14.11 tex:119322 mv:17981 misc:3561 imb:820 pmb:2087 smb:5253 d:s ref:0 ;
in:192 out:193 type:B dur:2 cpbdur:2 q:26.45 aq:17.51 tex:6090 mv:2607 misc:2375 imb:22 pmb:481 smb:7657 d:s ref:0 ;
in:193 out:194 type:b dur:2 cpbdur:2 q:26.35 aq:14.31 tex:3952 mv:1499 misc:1933 imb:27 pmb:326 smb:7807 d:- ref:0 ;
in:198 out:195 type:P dur:2 cpbdur:2 q:26.09 aq:14.27 tex:100156 mv:15821 misc:3655 imb:639 pmb:1959 smb:5562 d:s ref:0 ;
in:196 out:196 type:B dur:2 cpbdur:2 q:26.18 aq:16.97 tex:6113 mv:2708 misc:2811 imb:23 pmb:625 smb:7512 d:s ref:0 ;
in:195 out:197 type:b dur:2 cpbdur:2 q:26.22 aq:16.04 tex:2278 mv:1177 misc:2161 imb:8 pmb:442 smb:7710 d:s ref:0 ;
in:197 out:198 type:b dur:2 cpbdur:2 q:26.13 aq:15.42 tex:1422 mv:1065 misc:1889 imb:5 pmb:356 smb:7799 d:- ref:0 ;
in:202 out:199 type:P dur:2 cpbdur:2 q:25.78 aq:13.67 tex:129764 mv:20856 misc:3332 imb:1046 pmb:2147 smb:4967 d:s ref:0 ;
in:200 out:200 type:B dur:2 cpbdur:2 q:25.93 aq:16.97 tex:14543 mv:8131 misc:3558 imb:100 pmb:1097 smb:6963 d:t ref:0 ;
in:199 out:201 type:b dur:2 cpbdur:2 q:26.01 aq:15.19 tex:5941 mv:2633 misc:2842 imb:74 pmb:565 smb:7521 d:s ref:0 ;
in:201 out:202 type:b dur:2 cpbdur:2 q:25.86 aq:16.71 tex:3970 mv:2317 misc:2873 imb:14 pmb:683 smb:7463 d:- ref:0 ;
in:206 out:203 type:P dur:2 cpbdur:2 q:25.52 aq:12.89 tex:155711 mv:21115 misc:3358 imb:1121 pmb:2134 smb:4905 d:s ref:0 ;
in:204 out:204 type:B dur:2 cpbdur:2 q:25.65 aq:16.18 tex:20040 mv:9388 misc:3948 imb:86 pmb:1424 smb:6650 d:s ref:0 ;
in:203 out:205 type:b dur:2 cpbdur:2 q:25.71 aq:15.93 tex:2914 mv:1378 misc:2780 imb:3 pmb:659 smb:7498 d:s ref:0 ;
in:205 out:206 type:b dur:2 cpbdur:2 q:25.58 aq:13.73 tex:5954 mv:2635 misc:2427 imb:54 pmb:513 smb:7593 d:- ref:0 ;
in:210 out:207 type:P dur:2 cpbdur:2 q:25.28 aq:12.71 tex:175725 mv:20714 misc:3201 imb:950 pmb:2150 smb:5060 d:s ref:0 ;
in:208 out:208 type:B dur:2 cpbdur:2 q:25.40 aq:15.93 tex:15324 mv:8832 misc:3724 imb:72 pmb:1205 smb:6883 d:s ref:0 ;
in:207 out:209 type:b dur:2 cpbdur:2 q:25.46 aq:14.68 tex:2365 mv:1229 misc:2086 imb:5 pmb:431 smb:7724 d:s ref:0 ;
in:209 out:210 type:b dur:2 cpbdur:2 q:25.34 aq:16.27 tex:5256 mv:2117 misc:2115 imb:39 pmb:368 smb:7753 d:- ref:0 ;
in:214 out:211 type:P dur:2 cpbdur:2 q:25.09 aq:13.25 tex:122700 mv:17591 misc:3413 imb:774 pmb:2045 smb:5341 d:s ref:0 ;
in:212 out:212 type:B dur:2 cpbdur:2 q:25.18 aq:14.94 tex:12017 mv:5272 misc:3471 imb:40 pmb:882 smb:7238 d:s ref:0 ;
in:211 out:213 type:b dur:2 cpbdur:2 q:25.23 aq:14.41 tex:2384 mv:1160 misc:2536 imb:2 pmb:570 smb:7588 d:s ref:0 ;
in:213 out:214 type:b dur:2 cpbdur:2 q:25.14 aq:16.52 tex:5431 mv:2934 misc:3043 imb:16 pmb:766 smb:7378 d:- ref:0 ;
in:217 out:215 type:P dur:2 cpbdur:2 q:24.87 aq:13.05 tex:149681 mv:19333 misc:3418 imb:888 pmb:2088 smb:5184 d:s ref:0 ;
in:215 out:216 type:B dur:2 cpbdur:2 q:25.02 aq:14.84 tex:9350 mv:3913 misc:2953 imb:36 pmb:684 smb:7440 d:s ref:0 ;
in:216 out:217 type:b dur:2 cpbdur:2 q:24.95 aq:14.41 tex:5359 mv:1831 misc:2466 imb:40 pmb:477 smb:7643 d:- ref:0 ;
in:221 out:218 type:P dur:2 cpbdur:2 q:24.74 aq:14.13 tex:115768 mv:16556 misc:3404 imb:697 pmb:2011 smb:5452 d:s ref:0 ;
in:219 out:219 type:B dur:2 cpbdur:2 q:24.81 aq:14.24 tex:6519 mv:3700 misc:3373 imb:20 pmb:889 smb:7251 d:s ref:0 ;
in:218 out:220 type:b dur:2 cpbdur:2 q:24.84 aq:15.27 tex:2177 mv:663 misc:1920 imb:0 pmb:322 smb:7838 d:s ref:0 ;
in:220 out:221 type:b dur:2 cpbdur:2 q:24.77 aq:16.00 tex:6591 mv:3160 misc:2481 imb:24 pmb:568 smb:7568 d:- ref:0 ;
in:223 out:222 type:P dur:2 cpbdur:2 q:24.48 aq:12.92 tex:136515 mv:17150 misc:3607 imb:849 pmb:1985 smb:5326 d:s ref:0 ;
in:222 out:223 type:b dur:2 cpbdur:2 q:24.61 aq:14.96 tex:9205 mv:3824 misc:3243 imb:50 pmb:807 smb:7303 d:s ref:0 ;
in:227 out:224 type:P dur:2 cpbdur:2 q:24.41 aq:12.79 tex:143502 mv:19554 misc:4472 imb:1018 pmb:2077 smb:5065 d:s ref:0 ;
in:225 out:225 type:B dur:2 cpbdur:2 q:24.45 aq:14.55 tex:11057 mv:5309 misc:4666 imb:25 pmb:1361 smb:6774 d:s ref:0 ;
in:224 out:226 type:b dur:2 cpbdur:2 q:24.46 aq:14.98 tex:1104 mv:391 misc:1113 imb:1 pmb:120 smb:8039 d:s ref:0 ;
in:226 out:227 type:b dur:2 cpbdur:2 q:24.43 aq:14.40 tex:7777 mv:4550 misc:3361 imb:86 pmb:692 smb:7382 d:- ref:0 ;
in:229 out:228 type:P dur:2 cpbdur:2 q:24.20 aq:11.83 tex:180108 mv:21206 misc:4534 imb:1338 pmb:2228 smb:4594 d:s ref:0 ;
in:228 out:229 type:b dur:2 cpbdur:2 q:24.30 aq:15.72 tex:11455 mv:5071 misc:3802 imb:80 pmb:952 smb:7128 d:s ref:0 ;
in:233 out:230 type:P dur:2 cpbdur:2 q:24.18 aq:12.00 tex:150897 mv:21019 misc:4300 imb:1027 pmb:2236 smb:4897 d:s ref:0 ;
in:231 out:231 type:B dur:2 cpbdur:2 q:24.19 aq:14.54 tex:10354 mv:5353 misc:4541 imb:21 pmb:1287 smb:6852 d:s ref:0 ;
in:230 out:232 type:b dur:2 cpbdur:2 q:24.19 aq:16.40 tex:1038 mv:406 misc:1244 imb:1 pmb:148 smb:8011 d:s ref:0 ;
in:232 out:233 type:b dur:2 cpbdur:2 q:24.18 aq:15.38 tex:12007 mv:5610 misc:3903 imb:48 pmb:1053 smb:7059 d:- ref:0 ;
in:237 out:234 type:P dur:2 cpbdur:2 q:23.97 aq:11.42 tex:183963 mv:24837 misc:4112 imb:1518 pmb:2240 smb:4402 d:s ref:0 ;
in:235 out:235 type:B dur:2 cpbdur:2 q:24.07 aq:14.40 tex:27391 mv:12977 misc:5000 imb:92 pmb:1881 smb:6187 d:s ref:0 ;
in:234 out:236 type:b dur:2 cpbdur:2 q:24.12 aq:16.31 tex:13653 mv:6257 misc:4130 imb:80 pmb:1174 smb:6906 d:s ref:0 ;
in:236 out:237 type:b dur:2 cpbdur:2 q:24.02 aq:15.22 tex:8076 mv:4132 misc:3912 imb:46 pmb:1040 smb:7074 d:- ref:0 ;
in:241 out:238 type:P dur:2 cpbdur:2 q:23.80 aq:11.76 tex:178721 mv:24231 misc:4408 imb:1414 pmb:2257 smb:4489 d:s ref:0 ;
in:239 out:239 type:B dur:2 cpbdur:2 q:23.88 aq:14.76 tex:22253 mv:12017 misc:5146 imb:100 pmb:1707 smb:6353 d:s ref:0 ;
in:238 out:240 type:b dur:2 cpbdur:2 q:23.93 aq:15.24 tex:2362 mv:2250 misc:2948 imb:2 pmb:717 smb:7441 d:s ref:0 ;
in:240 out:241 type:b dur:2 cpbdur:2 q:23.84 aq:15.73 tex:11558 mv:5210 misc:3872 imb:92 pmb:939 smb:7129 d:- ref:0 ;
in:243 out:242 type:P dur:2 cpbdur:2 q:23.67 aq:11.70 tex:170711 mv:19212 misc:4485 imb:1023 pmb:2158 smb:4979 d:s ref:0 ;
in:242 out:243 type:b dur:2 cpbdur:2 q:23.74 aq:14.88 tex:5323 mv:3406 misc:3303 imb:26 pmb:840 smb:7294 d:s ref:0 ;
in:247 out:244 type:P dur:2 cpbdur:2 q:23.66 aq:10.66 tex:216246 mv:25013 misc:4845 imb:1730 pmb:2217 smb:4213 d:s ref:0 ;
in:245 out:245 type:B dur:2 cpbdur:2 q:23.67 aq:14.49 tex:21375 mv:11247 misc:5210 imb:76 pmb:1661 smb:6423 d:s ref:0 ;
in:244 out:246 type:b dur:2 cpbdur:2 q:23.67 aq:14.46 tex:3172 mv:2000 misc:3204 imb:4 pmb:829 smb:7327 d:s ref:0 ;
in:246 out:247 type:b dur:2 cpbdur:2 q:23.67 aq:15.64 tex:19734 mv:9014 misc:5412 imb:134 pmb:1674 smb:6352 d:- ref:0 ;
in:251 out:248 type:P dur:2 cpbdur:2 q:23.54 aq:12.66 tex:183206 mv:21302 misc:3932 imb:1087 pmb:2129 smb:4944 d:s ref:0 ;
in:249 out:249 type:B dur:2 cpbdur:2 q:23.60 aq:14.50 tex:23348 mv:6314 misc:3906 imb:81 pmb:1063 smb:7016 d:s ref:0 ;
in:248 out:250 type:b dur:2 cpbdur:2 q:23.63 aq:14.10 tex:5089 mv:2454 misc:3529 imb:18 pmb:931 smb:7211 d:s ref:0 ;
in:250 out:251 type:b dur:2 cpbdur:2 q:23.57 aq:15.30 tex:4241 mv:2497 misc:3702 imb:6 pmb:972 smb:7182 d:- ref:0 ;
in:253 out:252 type:P dur:2 cpbdur:2 q:23.43 aq:10.47 tex:262916 mv:24490 misc:4226 imb:1613 pmb:2206 smb:4341 d:s ref:0 ;
in:252 out:253 type:b dur:2 cpbdur:2 q:23.49 aq:15.01 tex:17948 mv:7552 misc:4452 imb:167 pmb:1152 smb:6841 d:s ref:0 ;
in:257 out:254 type:P dur:2 cpbdur:2 q:23.51 aq:11.48 tex:291162 mv:25842 misc:3244 imb:1316 pmb:2254 smb:4590 d:s ref:0 ;
in:255 out:255 type:B dur:2 cpbdur:2 q:23.47 aq:15.26 tex:40066 mv:16128 misc:4718 imb:188 pmb:1889 smb:6083 d:s ref:0 ;
in:254 out:256 type:b dur:2 cpbdur:2 q:23.45 aq:15.77 tex:5522 mv:3127 misc:3303 imb:42 pmb:844 smb:7274 d:s ref:0 ;
in:256 out:257 type:b dur:2 cpbdur:2 q:23.49 aq:16.04 tex:10781 mv:5029 misc:3222 imb:73 pmb:716 smb:7371 d:- ref:0 ;
in:261 out:258 type:P dur:2 cpbdur:2 q:23.45 aq:11.46 tex:211371 mv:23851 misc:3498 imb:1285 pmb:2232 smb:4643 d:s ref:0 ;
in:259 out:259 type:B dur:2 cpbdur:2 q:23.48 aq:14.99 tex:30397 mv:12025 misc:4666 imb:81 pmb:1675 smb:6404 d:s ref:0 ;
in:258 out:260 type:b dur:2 cpbdur:2 q:23.49 aq:13.99 tex:3755 mv:1870 misc:3551 imb:5 pmb:929 smb:7226 d:s ref:0 ;
in:260 out:261 type:b dur:2 cpbdur:2 q:23.46 aq:13.59 tex:9906 mv:4739 misc:4067 imb:53 pmb:1168 smb:6939 d:- ref:0 ;
in:263 out:262 type:P dur:2 cpbdur:2 q:23.34 aq:12.13 tex:182439 mv:21384 misc:3513 imb:895 pmb:2230 smb:5035 d:s ref:0 ;
in:262 out:263 type:b dur:2 cpbdur:2 q:23.39 aq:16.48 tex:15386 mv:5917 misc:3745 imb:43 pmb:972 smb:7145 d:s ref:0 ;
in:267 out:264 type:P dur:2 cpbdur:2 q:23.35 aq:11.60 tex:229084 mv:23773 misc:3287 imb:1105 pmb:2241 smb:4814 d:s ref:0 ;
in:265 out:265 type:B dur:2 cpbdur:2 q:23.34 aq:15.60 tex:34131 mv:12388 misc:4441 imb:104 pmb:1632 smb:6424 d:s ref:0 ;
in:264 out:266 type:b dur:2 cpbdur:2 q:23.34 aq:14.35 tex:3730 mv:2632 misc:3510 imb:3 pmb:927 smb:7230 d:s ref:0 ;
in:266 out:267 type:b dur:2 cpbdur:2 q:23.35 aq:14.70 tex:6194 mv:3827 misc:3531 imb:22 pmb:951 smb:7187 d:- ref:0 ;
in:271 out:268 type:P dur:2 cpbdur:2 q:23.24 aq:11.39 tex:226512 mv:24488 misc:3280 imb:1113 pmb:2228 smb:4819 d:s ref:0 ;
in:269 out:269 type:B dur:2 cpbdur:2 q:23.30 aq:16.02 tex:34133 mv:14783 misc:4556 imb:137 pmb:1818 smb:6205 d:s ref:0 ;
in:268 out:270 type:b dur:2 cpbdur:2 q:23.32 aq:16.06 tex:10963 mv:5066 misc:2843 imb:42 pmb:638 smb:7480 d:s ref:0 ;
in:270 out:271 type:b dur:2 cpbdur:2 q:23.27 aq:13.99 tex:3403 mv:2064 misc:3357 imb:2 pmb:862 smb:7296 d:- ref:0 ;
in:275 out:272 type:P dur:2 cpbdur:2 q:23.16 aq:12.02 tex:214661 mv:24267 misc:3304 imb:1033 pmb:2190 smb:4937 d:s ref:0 ;
in:273 out:273 type:B dur:2 cpbdur:2 q:23.20 aq:17.01 tex:25090 mv:12974 misc:4240 imb:89 pmb:1445 smb:6626 d:s ref:0 ;
in:272 out:274 type:b dur:2 cpbdur:2 q:23.22 aq:15.06 tex:5841 mv:3115 misc:3516 imb:10 pmb:952 smb:7198 d:s ref:0 ;
in:274 out:275 type:b dur:2 cpbdur:2 q:23.18 aq:17.63 tex:17878 mv:8837 misc:4085 imb:70 pmb:1256 smb:6834 d:- ref:0 ;
in:279 out:276 type:P dur:2 cpbdur:2 q:23.08 aq:11.20 tex:216061 mv:24847 misc:3164 imb:1136 pmb:2324 smb:4700 d:s ref:0 ;
in:277 out:277 type:B dur:2 cpbdur:2 q:23.12 aq:15.72 tex:51415 mv:17649 misc:4440 imb:208 pmb:2014 smb:5938 d:s ref:0 ;
in:276 out:278 type:b dur:2 cpbdur:2 q:23.14 aq:14.99 tex:5902 mv:2850 misc:3824 imb:16 pmb:1062 smb:7082 d:s ref:0 ;
in:278 out:279 type:b dur:2 cpbdur:2 q:23.10 aq:14.49 tex:3827 mv:2423 misc:3742 imb:10 pmb:1035 smb:7115 d:- ref:0 ;
in:283 out:280 type:P dur:2 cpbdur:2 q:22.96 aq:11.38 tex:238466 mv:26842 misc:3004 imb:1283 pmb:2321 smb:4556 d:s ref:0 ;
in:281 out:281 type:B dur:2 cpbdur:2 q:23.02 aq:15.07 tex:37623 mv:16799 misc:4618 imb:174 pmb:2007 smb:5979 d:s ref:0 ;
in:280 out:282 type:b dur:2 cpbdur:2 q:23.05 aq:15.70 tex:13962 mv:6898 misc:3420 imb:109 pmb:817 smb:7234 d:s ref:0 ;
in:282 out:283 type:b dur:2 cpbdur:2 q:22.99 aq:14.40 tex:5624 mv:3525 misc:3571 imb:25 pmb:951 smb:7184 d:- ref:0 ;
in:287 out:284 type:P dur:2 cpbdur:2 q:22.91 aq:11.63 tex:237218 mv:26686 misc:3048 imb:1498 pmb:2277 smb:4385 d:s ref:0 ;
in:285 out:285 type:B dur:2 cpbdur:2 q:22.93 aq:15.41 tex:35209 mv:16880 misc:4287 imb:148 pmb:1713 smb:6299 d:s ref:0 ;
in:284 out:286 type:b dur:2 cpbdur:2 q:22.95 aq:14.92 tex:4077 mv:2158 misc:3453 imb:2 pmb:952 smb:7206 d:s ref:0 ;
in:286 out:287 type:b dur:2 cpbdur:2 q:22.92 aq:17.17 tex:20046 mv:8864 misc:3890 imb:73 pmb:1203 smb:6884 d:- ref:0 ;
in:290 out:288 type:P dur:2 cpbdur:2 q:22.85 aq:11.51 tex:267737 mv:25812 misc:3035 imb:1191 pmb:2323 smb:4646 d:s ref:0 ;
in:288 out:289 type:B dur:2 cpbdur:2 q:22.89 aq:15.95 tex:39621 mv:14476 misc:4303 imb:117 pmb:1677 smb:6366 d:s ref:0 ;
in:289 out:290 type:b dur:2 cpbdur:2 q:22.87 aq:14.78 tex:6073 mv:3970 misc:3613 imb:25 pmb:989 smb:7146 d:- ref:0 ;
in:294 out:291 type:P dur:2 cpbdur:2 q:22.87 aq:11.00 tex:237412 mv:25258 misc:3042 imb:1140 pmb:2301 smb:4719 d:s ref:0 ;
in:292 out:292 type:B dur:2 cpbdur:2 q:22.86 aq:15.64 tex:26068 mv:11575 misc:4117 imb:74 pmb:1359 smb:6727 d:s ref:0 ;
in:291 out:293 type:b dur:2 cpbdur:2 q:22.86 aq:14.84 tex:3786 mv:2206 misc:3384 imb:3 pmb:948 smb:7209 d:s ref:0 ;
in:293 out:294 type:b dur:2 cpbdur:2 q:22.87 aq:16.60 tex:24481 mv:10491 misc:4324 imb:92 pmb:1470 smb:6598 d:- ref:0 ;
in:297 out:295 type:P dur:2 cpbdur:2 q:22.82 aq:11.13 tex:260699 mv:25863 misc:4790 imb:1420 pmb:2398 smb:4342 d:s ref:0 ;
in:295 out:296 type:B dur:2 cpbdur:2 q:22.86 aq:15.32 tex:7789 mv:4271 misc:3660 imb:16 pmb:1010 smb:7134 d:s ref:0 ;
in:296 out:297 type:b dur:2 cpbdur:2 q:22.84 aq:16.53 tex:24253 mv:11994 misc:4817 imb:94 pmb:1457 smb:6609 d:- ref:0 ;
in:301 out:298 type:P dur:2 cpbdur:2 q:22.84 aq:11.52 tex:224057 mv:25222 misc:4321 imb:1160 pmb:2391 smb:4609 d:s ref:0 ;
in:299 out:299 type:B dur:2 cpbdur:2 q:22.83 aq:14.46 tex:21792 mv:9458 misc:4750 imb:105 pmb:1248 smb:6807 d:s ref:0 ;
in:298 out:300 type:b dur:2 cpbdur:2 q:22.83 aq:14.81 tex:3934 mv:3204 misc:4238 imb:6 pmb:1137 smb:7017 d:s ref:0 ;
in:300 out:301 type:b dur:2 cpbdur:2 q:22.84 aq:14.46 tex:9607 mv:4657 misc:4264 imb:39 pmb:1208 smb:6913 d:- ref:0 ;
in:303 out:302 type:P dur:2 cpbdur:2 q:22.72 aq:11.30 tex:250077 mv:24334 misc:3925 imb:1104 pmb:2380 smb:4676 d:s ref:0 ;
in:302 out:303 type:b dur:2 cpbdur:2 q:22.78 aq:16.00 tex:28494 mv:13048 misc:4746 imb:118 pmb:1542 smb:6500 d:s ref:0 ;
in:307 out:304 type:P dur:2 cpbdur:2 q:22.80 aq:10.64 tex:230900 mv:25881 misc:4075 imb:1363 pmb:2387 smb:4410 d:s ref:0 ;
in:305 out:305 type:B dur:2 cpbdur:2 q:22.76 aq:15.25 tex:35710 mv:14741 misc:5405 imb:143 pmb:2047 smb:5970 d:s ref:0 ;
in:304 out:306 type:b dur:2 cpbdur:2 q:22.74 aq:14.18 tex:4043 mv:3321 misc:3764 imb:4 pmb:1000 smb:7156 d:s ref:0 ;
in:306 out:307 type:b dur:2 cpbdur:2 q:22.78 aq:14.84 tex:5035 mv:3293 misc:3864 imb:20 pmb:980 smb:7160 d:- ref:0 ;
in:311 out:308 type:P dur:2 cpbdur:2 q:22.72 aq:10.57 tex:268207 mv:27696 misc:4337 imb:1483 pmb:2329 smb:4348 d:s ref:0 ;
in:309 out:309 type:B dur:2 cpbdur:2 q:22.76 aq:15.35 tex:46019 mv:19164 misc:5345 imb:160 pmb:2372 smb:5628 d:s ref:0 ;
in:308 out:310 type:b dur:2 cpbdur:2 q:22.78 aq:16.64 tex:24059 mv:10620 misc:4145 imb:79 pmb:1199 smb:6882 d:s ref:0 ;
in:310 out:311 type:b dur:2 cpbdur:2 q:22.74 aq:14.57 tex:4385 mv:2963 misc:4012 imb:5 pmb:1090 smb:7065 d:- ref:0 ;
in:315 out:312 type:P dur:2 cpbdur:2 q:22.70 aq:11.59 tex:257302 mv:27253 misc:4133 imb:1227 pmb:2350 smb:4583 d:s ref:0 ;
in:313 out:313 type:B dur:2 cpbdur:2 q:22.71 aq:14.95 tex:54264 mv:19261 misc:4939 imb:141 pmb:2132 smb:5887 d:s ref:0 ;
in:312 out:314 type:b dur:2 cpbdur:2 q:22.71 aq:14.39 tex:9328 mv:4920 misc:4344 imb:46 pmb:1230 smb:6884 d:s ref:0 ;
in:314 out:315 type:b dur:2 cpbdur:2 q:22.70 aq:17.66 tex:30164 mv:13548 misc:4240 imb:81 pmb:1525 smb:6554 d:- ref:0 ;
in:317 out:316 type:P dur:2 cpbdur:2 q:22.69 aq:11.05 tex:253170 mv:25186 misc:4452 imb:1310 pmb:2474 smb:4376 d:s ref:0 ;
in:316 out:317 type:b dur:2 cpbdur:2 q:22.69 aq:16.13 tex:29389 mv:13486 misc:5317 imb:108 pmb:1803 smb:6249 d:s ref:0 ;
in:321 out:318 type:P dur:2 cpbdur:2 q:22.74 aq:11.46 tex:238016 mv:25470 misc:4154 imb:1111 pmb:2347 smb:4702 d:s ref:0 ;
in:319 out:319 type:B dur:2 cpbdur:2 q:22.71 aq:13.42 tex:14343 mv:6430 misc:4851 imb:19 pmb:1500 smb:6641 d:s ref:0 ;
in:318 out:320 type:b dur:2 cpbdur:2 q:22.70 aq:15.64 tex:1895 mv:831 misc:1818 imb:1 pmb:257 smb:7902 d:s ref:0 ;
in:320 out:321 type:b dur:2 cpbdur:2 q:22.72 aq:17.71 tex:26940 mv:10802 misc:3922 imb:88 pmb:1158 smb:6914 d:- ref:0 ;
in:323 out:322 type:P dur:2 cpbdur:2 q:22.72 aq:11.27 tex:268349 mv:25312 misc:4563 imb:1440 pmb:2447 smb:4273 d:s ref:0 ;
in:322 out:323 type:b dur:2 cpbdur:2 q:22.73 aq:15.06 tex:19574 mv:9960 misc:4674 imb:140 pmb:1163 smb:6857 d:s ref:0 ;
in:327 out:324 type:P dur:2 cpbdur:2 q:22.79 aq:10.81 tex:252061 mv:26844 misc:4519 imb:1442 pmb:2343 smb:4375 d:s ref:0 ;
in:325 out:325 type:B dur:2 cpbdur:2 q:22.75 aq:12.59 tex:12458 mv:6052 misc:4906 imb:43 pmb:1380 smb:6737 d:s ref:0 ;
in:324 out:326 type:b dur:2 cpbdur:2 q:22.74 aq:14.29 tex:3256 mv:1589 misc:2907 imb:4 pmb:578 smb:7578 d:s ref:0 ;
in:326 out:327 type:b dur:2 cpbdur:2 q:22.77 aq:17.41 tex:29589 mv:13758 misc:4613 imb:110 pmb:1520 smb:6530 d:- ref:0 ;
in:330 out:328 type:P dur:2 cpbdur:2 q:22.74 aq:11.13 tex:279412 mv:29458 misc:4378 imb:1703 pmb:2512 smb:3945 d:s ref:0 ;
in:328 out:329 type:B dur:2 cpbdur:2 q:22.78 aq:15.00 tex:41632 mv:16600 misc:5584 imb:201 pmb:2013 smb:5946 d:s ref:0 ;
in:329 out:330 type:b dur:2 cpbdur:2 q:22.76 aq:15.31 tex:6171 mv:4074 misc:4707 imb:12 pmb:1232 smb:6916 d:- ref:0 ;
in:334 out:331 type:P dur:2 cpbdur:2 q:22.78 aq:10.57 tex:290263 mv:29660 misc:4221 imb:1632 pmb:2432 smb:4096 d:s ref:0 ;
in:332 out:332 type:B dur:2 cpbdur:2 q:22.76 aq:15.86 tex:47319 mv:19884 misc:5349 imb:130 pmb:2016 smb:6014 d:s ref:0 ;
in:331 out:333 type:b dur:2 cpbdur:2 q:22.75 aq:15.82 tex:4418 mv:2983 misc:3871 imb:5 pmb:1050 smb:7105 d:s ref:0 ;
in:333 out:334 type:b dur:2 cpbdur:2 q:22.77 aq:17.42 tex:38542 mv:15624 misc:4986 imb:155 pmb:1893 smb:6112 d:- ref:0 ;
in:337 out:335 type:P dur:2 cpbdur:2 q:22.79 aq:10.98 tex:306119 mv:27893 misc:4068 imb:1399 pmb:2554 smb:4207 d:s ref:0 ;
in:335 out:336 type:B dur:2 cpbdur:2 q:22.78 aq:15.72 tex:48849 mv:17762 misc:5205 imb:109 pmb:1983 smb:6068 d:s ref:0 ;
in:336 out:337 type:b dur:2 cpbdur:2 q:22.79 aq:14.49 tex:7083 mv:4379 misc:3842 imb:27 pmb:1028 smb:7105 d:- ref:0 ;
in:341 out:338 type:P dur:2 cpbdur:2 q:22.84 aq:11.54 tex:326126 mv:29625 misc:3521 imb:1409 pmb:2543 smb:4208 d:s ref:0 ;
in:339 out:339 type:B dur:2 cpbdur:2 q:22.82 aq:15.81 tex:42449 mv:18566 misc:4849 imb:152 pmb:1854 smb:6154 d:s ref:0 ;
in:338 out:340 type:b dur:2 cpbdur:2 q:22.81 aq:14.56 tex:3919 mv:2127 misc:3690 imb:6 pmb:943 smb:7211 d:s ref:0 ;
in:340 out:341 type:b dur:2 cpbdur:2 q:22.83 aq:17.16 tex:37113 mv:16278 misc:4913 imb:177 pmb:1933 smb:6050 d:- ref:0 ;
in:345 out:342 type:P dur:2 cpbdur:2 q:22.88 aq:12.95 tex:214452 mv:23929 misc:3739 imb:854 pmb:2420 smb:4886 d:s ref:0 ;
in:343 out:343 type:B dur:2 cpbdur:2 q:22.86 aq:16.38 tex:39903 mv:13625 misc:4072 imb:102 pmb:1399 smb:6659 d:s ref:0 ;
in:342 out:344 type:b dur:2 cpbdur:2 q:22.85 aq:15.24 tex:4071 mv:2474 misc:3319 imb:16 pmb:823 smb:7321 d:s ref:0 ;
in:344 out:345 type:b dur:2 cpbdur:2 q:22.87 aq:14.54 tex:3118 mv:1726 misc:3252 imb:8 pmb:786 smb:7366 d:- ref:0 ;
in:347 out:346 type:P dur:2 cpbdur:2 q:22.83 aq:11.18 tex:298787 mv:26736 misc:3429 imb:1270 pmb:2522 smb:4368 d:s ref:0 ;
in:346 out:347 type:b dur:2 cpbdur:2 q:22.86 aq:15.58 tex:27119 mv:11952 misc:4153 imb:117 pmb:1413 smb:6630 d:s ref:0 ;
in:351 out:348 type:P dur:2 cpbdur:2 q:22.91 aq:12.19 tex:253496 mv:25638 misc:3370 imb:984 pmb:2470 smb:4706 d:s ref:0 ;
in:349 out:349 type:B dur:2 cpbdur:2 q:22.87 aq:15.78 tex:32942 mv:14193 misc:4329 imb:103 pmb:1572 smb:6485 d:s ref:0 ;
in:348 out:350 type:b dur:2 cpbdur:2 q:22.85 aq:15.77 tex:5968 mv:3412 misc:3412 imb:23 pmb:916 smb:7221 d:s ref:0 ;
in:350 out:351 type:b dur:2 cpbdur:2 q:22.89 aq:15.56 tex:3510 mv:2639 misc:3171 imb:9 pmb:832 smb:7319 d:- ref:0 ;
in:355 out:352 type:P dur:2 cpbdur:2 q:22.87 aq:12.92 tex:296068 mv:30429 misc:3199 imb:1381 pmb:2544 smb:4235 d:s ref:0 ;
in:353 out:353 type:B dur:2 cpbdur:2 q:22.89 aq:16.40 tex:69367 mv:22868 misc:4629 imb:183 pmb:2268 smb:5709 d:s ref:0 ;
in:352 out:354 type:b dur:2 cpbdur:2 q:22.90 aq:17.49 tex:43404 mv:17696 misc:4732 imb:229 pmb:2036 smb:5895 d:s ref:0 ;
in:354 out:355 type:b dur:2 cpbdur:2 q:22.88 aq:15.45 tex:6921 mv:3767 misc:3824 imb:20 pmb:1049 smb:7091 d:- ref:0 ;
in:357 out:356 type:P dur:2 cpbdur:2 q:22.87 aq:11.85 tex:244402 mv:27116 misc:3330 imb:1162 pmb:2616 smb:4382 d:s ref:0 ;
in:356 out:357 type:b dur:2 cpbdur:2 q:22.87 aq:17.83 tex:34410 mv:14621 misc:4545 imb:122 pmb:1760 smb:6278 d:s ref:0 ;
in:361 out:358 type:P dur:2 cpbdur:2 q:22.94 aq:13.38 tex:290352 mv:28818 misc:2990 imb:1224 pmb:2591 smb:4345 d:s ref:0 ;
in:359 out:359 type:B dur:2 cpbdur:2 q:22.91 aq:15.94 tex:70474 mv:19893 misc:4497 imb:196 pmb:2227 smb:5737 d:s ref:0 ;
in:358 out:360 type:b dur:2 cpbdur:2 q:22.89 aq:13.73 tex:5179 mv:3626 misc:3891 imb:9 pmb:1125 smb:7026 d:s ref:0 ;
in:360 out:361 type:b dur:2 cpbdur:2 q:22.92 aq:14.66 tex:6462 mv:2898 misc:3472 imb:21 pmb:884 smb:7255 d:- ref:0 ;
in:363 out:362 type:P dur:2 cpbdur:2 q:22.96 aq:12.99 tex:251325 mv:26019 misc:3304 imb:1094 pmb:2589 smb:4477 d:s ref:0 ;
in:362 out:363 type:b dur:2 cpbdur:2 q:22.95 aq:16.46 tex:22804 mv:10302 misc:3638 imb:80 pmb:1062 smb:7018 d:s ref:0 ;
in:367 out:364 type:P dur:2 cpbdur:2 q:23.05 aq:11.84 tex:283868 mv:29040 misc:3508 imb:1354 pmb:2595 smb:4211 d:s ref:0 ;
in:365 out:365 type:B dur:2 cpbdur:2 q:23.01 aq:16.43 tex:60346 mv:20042 misc:4844 imb:152 pmb:2168 smb:5840 d:s ref:0 ;
in:364 out:366 type:b dur:2 cpbdur:2 q:22.99 aq:14.85 tex:4073 mv:2454 misc:3897 imb:9 pmb:1021 smb:7130 d:s ref:0 ;
in:366 out:367 type:b dur:2 cpbdur:2 q:23.03 aq:15.79 tex:11945 mv:5545 misc:4422 imb:63 pmb:1312 smb:6785 d:- ref:0 ;
in:370 out:368 type:P dur:2 cpbdur:2 q:23.04 aq:12.12 tex:353943 mv:30191 misc:3570 imb:1341 pmb:2666 smb:4153 d:s ref:0 ;
in:368 out:369 type:B dur:2 cpbdur:2 q:23.04 aq:16.72 tex:40053 mv:15160 misc:4171 imb:124 pmb:1527 smb:6509 d:t ref:0 ;
in:369 out:370 type:b dur:2 cpbdur:2 q:23.04 aq:16.78 tex:31298 mv:13329 misc:4237 imb:124 pmb:1344 smb:6692 d:- ref:0 ;
in:374 out:371 type:P dur:2 cpbdur:2 q:23.15 aq:12.81 tex:245920 mv:25943 misc:3689 imb:1029 pmb:2569 smb:4562 d:s ref:0 ;
in:372 out:372 type:B dur:2 cpbdur:2 q:23.09 aq:13.73 tex:10208 mv:4888 misc:4216 imb:32 pmb:1227 smb:6901 d:s ref:0 ;
in:371 out:373 type:b dur:2 cpbdur:2 q:23.07 aq:14.28 tex:3514 mv:1307 misc:2795 imb:5 pmb:552 smb:7603 d:s ref:0 ;
in:373 out:374 type:b dur:2 cpbdur:2 q:23.12 aq:18.40 tex:30233 mv:13279 misc:3784 imb:100 pmb:1346 smb:6714 d:- ref:0 ;
in:377 out:375 type:P dur:2 cpbdur:2 q:23.13 aq:12.03 tex:275351 mv:27945 misc:3704 imb:1378 pmb:2690 smb:4092 d:s ref:0 ;
in:375 out:376 type:B dur:2 cpbdur:2 q:23.14 aq:16.93 tex:36090 mv:14163 misc:4667 imb:132 pmb:1686 smb:6342 d:s ref:0 ;
in:376 out:377 type:b dur:2 cpbdur:2 q:23.14 aq:14.20 tex:6334 mv:3525 misc:4117 imb:28 pmb:1057 smb:7075 d:- ref:0 ;
in:381 out:378 type:P dur:2 cpbdur:2 q:23.14 aq:12.44 tex:296487 mv:30253 misc:3508 imb:1509 pmb:2654 smb:3997 d:s ref:0 ;
in:379 out:379 type:B dur:2 cpbdur:2 q:23.13 aq:15.34 tex:48851 mv:19738 misc:4907 imb:173 pmb:2017 smb:5970 d:s ref:0 ;
in:378 out:380 type:b dur:2 cpbdur:2 q:23.13 aq:14.38 tex:4117 mv:2843 misc:3920 imb:8 pmb:1039 smb:7113 d:s ref:0 ;
in:380 out:381 type:b dur:2 cpbdur:2 q:23.14 aq:17.20 tex:32476 mv:13378 misc:4770 imb:115 pmb:1685 smb:6360 d:- ref:0 ;
in:383 out:382 type:P dur:2 cpbdur:2 q:23.13 aq:12.09 tex:219187 mv:23125 misc:4352 imb:1065 pmb:2706 smb:4389 d:s ref:0 ;
in:382 out:383 type:b dur:2 cpbdur:2 q:23.13 aq:14.31 tex:9423 mv:3857 misc:4520 imb:37 pmb:1217 smb:6906 d:s ref:0 ;
in:387 out:384 type:P dur:2 cpbdur:2 q:23.17 aq:11.79 tex:314373 mv:30018 misc:3689 imb:1322 pmb:2686 smb:4152 d:s ref:0 ;
in:385 out:385 type:B dur:2 cpbdur:2 q:23.15 aq:16.55 tex:64550 mv:19506 misc:4920 imb:183 pmb:2223 smb:5754 d:s ref:0 ;
in:384 out:386 type:b dur:2 cpbdur:2 q:23.14 aq:14.20 tex:3843 mv:2832 misc:3805 imb:7 pmb:998 smb:7155 d:s ref:0 ;
in:386 out:387 type:b dur:2 cpbdur:2 q:23.16 aq:16.25 tex:23994 mv:10534 misc:3712 imb:90 pmb:1076 smb:6994 d:- ref:0 ;
in:391 out:388 type:P dur:2 cpbdur:2 q:23.19 aq:11.56 tex:277484 mv:27900 misc:3648 imb:1292 pmb:2649 smb:4219 d:s ref:0 ;
in:389 out:389 type:B dur:2 cpbdur:2 q:23.18 aq:16.29 tex:62419 mv:17157 misc:4888 imb:130 pmb:2184 smb:5846 d:s ref:0 ;
in:388 out:390 type:b dur:2 cpbdur:2 q:23.18 aq:14.58 tex:5707 mv:2829 misc:3760 imb:30 pmb:917 smb:7213 d:s ref:0 ;
in:390 out:391 type:b dur:2 cpbdur:2 q:23.19 aq:13.94 tex:4794 mv:3043 misc:3843 imb:10 pmb:1001 smb:7149 d:- ref:0 ;
in:395 out:392 type:P dur:2 cpbdur:2 q:23.19 aq:11.90 tex:268754 mv:28515 misc:3347 imb:1303 pmb:2677 smb:4180 d:s ref:0 ;
in:393 out:393 type:B dur:2 cpbdur:2 q:23.19 aq:16.00 tex:50157 mv:19058 misc:5073 imb:173 pmb:2233 smb:5754 d:s ref:0 ;
in:392 out:394 type:b dur:2 cpbdur:2 q:23.19 aq:16.95 tex:28126 mv:12008 misc:4394 imb:89 pmb:1441 smb:6630 d:s ref:0 ;
in:394 out:395 type:b dur:2 cpbdur:2 q:23.19 aq:15.15 tex:10421 mv:4703 misc:4380 imb:31 pmb:1287 smb:6842 d:- ref:0 ;
in:397 out:396 type:P dur:2 cpbdur:2 q:23.18 aq:11.93 tex:262410 mv:23905 misc:3557 imb:836 pmb:2609 smb:4715 d:s ref:0 ;
in:396 out:397 type:b dur:2 cpbdur:2 q:23.19 aq:17.05 tex:28492 mv:11727 misc:3917 imb:75 pmb:1369 smb:6716 d:s ref:0 ;
in:401 out:398 type:P dur:2 cpbdur:2 q:23.24 aq:12.05 tex:249277 mv:26167 misc:3596 imb:1160 pmb:2694 smb:4306 d:s ref:0 ;
in:399 out:399 type:B dur:2 cpbdur:2 q:23.21 aq:16.21 tex:36793 mv:14660 misc:5107 imb:108 pmb:1989 smb:6063 d:s ref:0 ;
in:398 out:400 type:b dur:2 cpbdur:2 q:23.20 aq:13.78 tex:3110 mv:2433 misc:3441 imb:6 pmb:834 smb:7320 d:s ref:0 ;
in:400 out:401 type:b dur:2 cpbdur:2 q:23.22 aq:14.30 tex:5483 mv:2671 misc:3646 imb:16 pmb:885 smb:7259 d:- ref:0 ;
in:402 out:402 type:P dur:2 cpbdur:2 q:23.21 aq:16.15 tex:53028 mv:15593 misc:4491 imb:620 pmb:1487 smb:6053 d:s ref:0 ;
in:403 out:403 type:I dur:2 cpbdur:2 q:20.21 aq:7.02 tex:1005027 mv:119444 misc:737 imb:8160 pmb:0 smb:0 d:s ref:;
in:407 out:404 type:P dur:2 cpbdur:2 q:24.08 aq:11.71 tex:217108 mv:25983 misc:3781 imb:1196 pmb:2636 smb:4328 d:s ref:0 ;
in:405 out:405 type:B dur:2 cpbdur:2 q:24.08 aq:15.16 tex:22971 mv:10642 misc:4339 imb:96 pmb:1298 smb:6766 d:s ref:0 ;
in:404 out:406 type:b dur:2 cpbdur:2 q:24.08 aq:15.06 tex:2234 mv:914 misc:3436 imb:2 pmb:849 smb:7309 d:s ref:0 ;
in:406 out:407 type:b dur:2 cpbdur:2 q:24.08 aq:15.72 tex:6652 mv:3097 misc:3803 imb:21 pmb:967 smb:7172 d:- ref:0 ;
in:410 out:408 type:P dur:2 cpbdur:2 q:23.96 aq:11.16 tex:273706 mv:27310 misc:3424 imb:1318 pmb:2634 smb:4208 d:s ref:0 ;
in:408 out:409 type:B dur:2 cpbdur:2 q:24.04 aq:16.53 tex:35702 mv:13169 misc:3953 imb:99 pmb:1376 smb:6685 d:s ref:0 ;
in:409 out:410 type:b dur:2 cpbdur:2 q:24.00 aq:16.72 tex:19987 mv:9449 misc:3428 imb:89 pmb:998 smb:7073 d:- ref:0 ;
in:414 out:411 type:P dur:2 cpbdur:2 q:23.71 aq:12.62 tex:230967 mv:23723 misc:3294 imb:936 pmb:2559 smb:4665 d:s ref:0 ;
in:412 out:412 type:B dur:2 cpbdur:2 q:23.83 aq:15.44 tex:34710 mv:12653 misc:3869 imb:94 pmb:1353 smb:6713 d:s ref:0 ;
in:411 out:413 type:b dur:2 cpbdur:2 q:23.90 aq:15.38 tex:3377 mv:1814 misc:3457 imb:5 pmb:886 smb:7269 d:s ref:0 ;
in:413 out:414 type:b dur:2 cpbdur:2 q:23.77 aq:15.08 tex:5712 mv:2757 misc:3227 imb:20 pmb:811 smb:7329 d:- ref:0 ;
in:417 out:415 type:P dur:2 cpbdur:2 q:23.66 aq:11.00 tex:305495 mv:25998 misc:3227 imb:1140 pmb:2609 smb:4411 d:s ref:0 ;
in:415 out:416 type:B dur:2 cpbdur:2 q:23.69 aq:16.17 tex:33225 mv:13194 misc:4077 imb:126 pmb:1387 smb:6647 d:s ref:0 ;
in:416 out:417 type:b dur:2 cpbdur:2 q:23.68 aq:15.95 tex:19661 mv:9068 misc:3535 imb:73 pmb:1018 smb:7069 d:- ref:0 ;
in:421 out:418 type:P dur:2 cpbdur:2 q:23.71 aq:12.14 tex:220434 mv:22948 misc:3290 imb:877 pmb:2473 smb:4810 d:s ref:0 ;
in:419 out:419 type:B dur:2 cpbdur:2 q:23.69 aq:13.33 tex:7699 mv:3863 misc:3694 imb:38 pmb:949 smb:7173 d:s ref:0 ;
in:418 out:420 type:b dur:2 cpbdur:2 q:23.67 aq:16.12 tex:2482 mv:875 misc:2363 imb:2 pmb:425 smb:7733 d:s ref:0 ;
in:420 out:421 type:b dur:2 cpbdur:2 q:23.70 aq:17.74 tex:20462 mv:9972 misc:3166 imb:67 pmb:1005 smb:7088 d:- ref:0 ;
in:423 out:422 type:P dur:2 cpbdur:2 q:23.66 aq:11.31 tex:206625 mv:21363 misc:3444 imb:876 pmb:2551 smb:4733 d:s ref:0 ;
in:422 out:423 type:b dur:2 cpbdur:2 q:23.69 aq:16.14 tex:23960 mv:9972 misc:3892 imb:70 pmb:1323 smb:6767 d:s ref:0 ;
in:427 out:424 type:P dur:2 cpbdur:2 q:23.69 aq:12.74 tex:208178 mv:22486 misc:3392 imb:849 pmb:2469 smb:4842 d:s ref:0 ;
in:425 out:425 type:B dur:2 cpbdur:2 q:23.67 aq:13.95 tex:11813 mv:5242 misc:4209 imb:34 pmb:1303 smb:6823 d:s ref:0 ;
in:424 out:426 type:b dur:2 cpbdur:2 q:23.67 aq:16.11 tex:1690 mv:588 misc:1474 imb:1 pmb:204 smb:7955 d:s ref:0 ;
in:426 out:427 type:b dur:2 cpbdur:2 q:23.68 aq:16.73 tex:19228 mv:8529 misc:2995 imb:74 pmb:911 smb:7175 d:- ref:0 ;
in:429 out:428 type:P dur:2 cpbdur:2 q:23.59 aq:11.56 tex:239257 mv:23233 misc:3062 imb:1023 pmb:2576 smb:4561 d:s ref:0 ;
in:428 out:429 type:b dur:2 cpbdur:2 q:23.64 aq:15.50 tex:20544 mv:9506 misc:3518 imb:114 pmb:1075 smb:6971 d:s ref:0 ;
in:433 out:430 type:P dur:2 cpbdur:2 q:23.62 aq:10.96 tex:242040 mv:23787 misc:2765 imb:883 pmb:2633 smb:4644 d:s ref:0 ;
in:431 out:431 type:B dur:2 cpbdur:2 q:23.61 aq:13.49 tex:11074 mv:5812 misc:4026 imb:25 pmb:1227 smb:6908 d:s ref:0 ;
in:430 out:432 type:b dur:2 cpbdur:2 q:23.60 aq:15.15 tex:2306 mv:666 misc:1780 imb:4 pmb:272 smb:7884 d:s ref:0 ;
in:432 out:433 type:b dur:2 cpbdur:2 q:23.62 aq:16.46 tex:19294 mv:8922 misc:3440 imb:63 pmb:1070 smb:7027 d:- ref:0 ;
in:437 out:434 type:P dur:2 cpbdur:2 q:23.56 aq:11.57 tex:278067 mv:26439 misc:2878 imb:1216 pmb:2612 smb:4332 d:s ref:0 ;
in:435 out:435 type:B dur:2 cpbdur:2 q:23.59 aq:14.75 tex:46577 mv:14806 misc:4513 imb:76 pmb:1766 smb:6318 d:s ref:0 ;
in:434 out:436 type:b dur:2 cpbdur:2 q:23.61 aq:17.35 tex:25611 mv:10895 misc:4230 imb:95 pmb:1494 smb:6571 d:s ref:0 ;
in:436 out:437 type:b dur:2 cpbdur:2 q:23.58 aq:15.39 tex:6112 mv:2743 misc:3425 imb:22 pmb:832 smb:7306 d:- ref:0 ;
in:441 out:438 type:P dur:2 cpbdur:2 q:23.64 aq:11.83 tex:282780 mv:24679 misc:3357 imb:1178 pmb:2616 smb:4366 d:s ref:0 ;
in:439 out:439 type:B dur:2 cpbdur:2 q:23.60 aq:15.27 tex:31105 mv:13225 misc:4710 imb:100 pmb:1607 smb:6453 d:s ref:0 ;
in:438 out:440 type:b dur:2 cpbdur:2 q:23.58 aq:13.87 tex:3268 mv:2052 misc:3448 imb:3 pmb:851 smb:7306 d:s ref:0 ;
in:440 out:441 type:b dur:2 cpbdur:2 q:23.62 aq:15.24 tex:17061 mv:8021 misc:3646 imb:90 pmb:1015 smb:7055 d:- ref:0 ;
in:443 out:442 type:P dur:2 cpbdur:2 q:23.51 aq:12.65 tex:157671 mv:16202 misc:4031 imb:487 pmb:2292 smb:5381 d:s ref:0 ;
in:442 out:443 type:b dur:2 cpbdur:2 q:23.58 aq:14.67 tex:3650 mv:1749 misc:2793 imb:15 pmb:657 smb:7488 d:s ref:0 ;
in:447 out:444 type:P dur:2 cpbdur:2 q:23.54 aq:11.15 tex:379184 mv:26983 misc:3137 imb:1499 pmb:2578 smb:4083 d:s ref:0 ;
in:445 out:445 type:B dur:2 cpbdur:2 q:23.53 aq:14.95 tex:26806 mv:12278 misc:5068 imb:84 pmb:1867 smb:6209 d:s ref:0 ;
in:444 out:446 type:b dur:2 cpbdur:2 q:23.52 aq:14.11 tex:2753 mv:1517 misc:2770 imb:3 pmb:672 smb:7485 d:s ref:0 ;
in:446 out:447 type:b dur:2 cpbdur:2 q:23.53 aq:15.75 tex:29384 mv:11656 misc:4872 imb:161 pmb:1817 smb:6182 d:- ref:0 ;
in:451 out:448 type:P dur:2 cpbdur:2 q:23.63 aq:13.38 tex:221296 mv:20199 misc:3377 imb:593 pmb:2527 smb:5040 d:s ref:0 ;
in:449 out:449 type:B dur:2 cpbdur:2 q:23.58 aq:15.18 tex:19211 mv:7995 misc:3442 imb:55 pmb:950 smb:7155 d:s ref:0 ;
in:448 out:450 type:b dur:2 cpbdur:2 q:23.56 aq:14.84 tex:7099 mv:2340 misc:2705 imb:25 pmb:668 smb:7467 d:s ref:0 ;
in:450 out:451 type:b dur:2 cpbdur:2 q:23.61 aq:15.02 tex:3125 mv:1838 misc:3085 imb:8 pmb:764 smb:7388 d:- ref:0 ;
in:455 out:452 type:P dur:2 cpbdur:2 q:23.47 aq:12.02 tex:259796 mv:25508 misc:3264 imb:1107 pmb:2598 smb:4455 d:s ref:0 ;
in:453 out:453 type:B dur:2 cpbdur:2 q:23.55 aq:15.16 tex:41636 mv:13376 misc:4452 imb:104 pmb:1623 smb:6433 d:s ref:0 ;
in:452 out:454 type:b dur:2 cpbdur:2 q:23.59 aq:16.18 tex:21664 mv:8181 misc:3811 imb:82 pmb:1089 smb:6989 d:s ref:0 ;
in:454 out:455 type:b dur:2 cpbdur:2 q:23.51 aq:15.76 tex:5081 mv:2364 misc:3011 imb:13 pmb:729 smb:7418 d:- ref:0 ;
in:457 out:456 type:P dur:2 cpbdur:2 q:23.45 aq:12.00 tex:195409 mv:20922 misc:3477 imb:788 pmb:2560 smb:4812 d:s ref:0 ;
in:456 out:457 type:b dur:2 cpbdur:2 q:23.46 aq:15.91 tex:12188 mv:5559 misc:3093 imb:34 pmb:776 smb:7350 d:s ref:0 ;
in:461 out:458 type:P dur:2 cpbdur:2 q:23.46 aq:12.65 tex:223394 mv:22789 misc:3457 imb:1008 pmb:2561 smb:4591 d:s ref:0 ;
in:459 out:459 type:B dur:2 cpbdur:2 q:23.45 aq:14.79 tex:28123 mv:9962 misc:4275 imb:87 pmb:1302 smb:6771 d:s ref:0 ;
in:458 out:460 type:b dur:2 cpbdur:2 q:23.45 aq:12.79 tex:3689 mv:2281 misc:3366 imb:7 pmb:825 smb:7328 d:s ref:0 ;
in:460 out:461 type:b dur:2 cpbdur:2 q:23.45 aq:15.16 tex:8317 mv:3803 misc:3760 imb:29 pmb:1031 smb:7100 d:- ref:0 ;
in:463 out:462 type:P dur:2 cpbdur:2 q:23.38 aq:13.12 tex:150427 mv:17913 misc:3876 imb:535 pmb:2393 smb:5232 d:s ref:0 ;
in:462 out:463 type:b dur:2 cpbdur:2 q:23.42 aq:16.32 tex:12343 mv:5609 misc:3152 imb:22 pmb:782 smb:7356 d:s ref:0 ;
in:467 out:464 type:P dur:2 cpbdur:2 q:23.38 aq:13.14 tex:162166 mv:21328 misc:3658 imb:841 pmb:2506 smb:4813 d:s ref:0 ;
in:465 out:465 type:B dur:2 cpbdur:2 q:23.38 aq:15.20 tex:30839 mv:10194 misc:4423 imb:77 pmb:1428 smb:6655 d:s ref:0 ;
in:464 out:466 type:b dur:2 cpbdur:2 q:23.38 aq:13.78 tex:3563 mv:2555 misc:3498 imb:5 pmb:873 smb:7282 d:s ref:0 ;
in:466 out:467 type:b dur:2 cpbdur:2 q:23.38 aq:14.71 tex:5885 mv:2924 misc:3551 imb:18 pmb:873 smb:7269 d:- ref:0 ;
in:470 out:468 type:P dur:2 cpbdur:2 q:23.27 aq:13.71 tex:199310 mv:22658 misc:3608 imb:1050 pmb:2639 smb:4471 d:s ref:0 ;
in:468 out:469 type:B dur:2 cpbdur:2 q:23.35 aq:15.53 tex:17789 mv:7123 misc:3360 imb:39 pmb:892 smb:7229 d:s ref:0 ;
in:469 out:470 type:b dur:2 cpbdur:2 q:23.31 aq:16.35 tex:19250 mv:8270 misc:4264 imb:60 pmb:1316 smb:6784 d:- ref:0 ;
in:474 out:471 type:P dur:2 cpbdur:2 q:23.24 aq:16.86 tex:116790 mv:16933 misc:4325 imb:799 pmb:1661 smb:5700 d:s ref:0 ;
in:472 out:472 type:B dur:2 cpbdur:2 q:23.25 aq:15.23 tex:27111 mv:6375 misc:4026 imb:114 pmb:1224 smb:6822 d:s ref:0 ;
in:471 out:473 type:b dur:2 cpbdur:2 q:23.26 aq:14.49 tex:2539 mv:1503 misc:2246 imb:16 pmb:410 smb:7734 d:s ref:0 ;
in:473 out:474 type:b dur:2 cpbdur:2 q:23.24 aq:17.02 tex:16889 mv:6699 misc:3060 imb:69 pmb:768 smb:7323 d:- ref:0 ;
in:475 out:475 type:P dur:2 cpbdur:2 q:23.11 aq:15.32 tex:70479 mv:12145 misc:4416 imb:749 pmb:1167 smb:6244 d:s ref:0 ;
in:476 out:476 type:I dur:2 cpbdur:2 q:20.50 aq:11.76 tex:1271706 mv:291010 misc:836 imb:8160 pmb:0 smb:0 d:s ref:;
in:480 out:477 type:P dur:2 cpbdur:2 q:23.73 aq:15.95 tex:333722 mv:48174 misc:4328 imb:679 pmb:6038 smb:1443 d:s ref:0 ;
in:478 out:478 type:B dur:2 cpbdur:2 q:23.73 aq:17.30 tex:10679 mv:6184 misc:5689 imb:13 pmb:1694 smb:6453 d:s ref:0 ;
in:477 out:479 type:b dur:2 cpbdur:2 q:23.73 aq:19.34 tex:1217 mv:537 misc:1622 imb:0 pmb:226 smb:7934 d:s ref:0 ;
in:479 out:480 type:b dur:2 cpbdur:2 q:23.73 aq:19.95 tex:19695 mv:24342 misc:7083 imb:24 pmb:2810 smb:5326 d:- ref:0 ;
in:483 out:481 type:P dur:2 cpbdur:2 q:23.73 aq:15.57 tex:446812 mv:54513 misc:3099 imb:1027 pmb:6190 smb:943 d:s ref:0 ;
in:481 out:482 type:B dur:2 cpbdur:2 q:23.73 aq:19.24 tex:40904 mv:31682 misc:7742 imb:132 pmb:3534 smb:4494 d:s ref:0 ;
in:482 out:483 type:b dur:2 cpbdur:2 q:23.73 aq:19.29 tex:11473 mv:7941 misc:5674 imb:29 pmb:1559 smb:6572 d:- ref:0 ;
in:487 out:484 type:P dur:2 cpbdur:2 q:23.95 aq:15.46 tex:544309 mv:59943 misc:1700 imb:2234 pmb:5688 smb:238 d:s ref:0 ;
in:485 out:485 type:B dur:2 cpbdur:2 q:23.84 aq:18.33 tex:52750 mv:31647 misc:7779 imb:156 pmb:3917 smb:4087 d:s ref:0 ;
in:484 out:486 type:b dur:2 cpbdur:2 q:23.79 aq:19.53 tex:5646 mv:4053 misc:5037 imb:3 pmb:1289 smb:6868 d:s ref:0 ;
in:486 out:487 type:b dur:2 cpbdur:2 q:23.90 aq:19.66 tex:40289 mv:26615 misc:7872 imb:186 pmb:3725 smb:4249 d:- ref:0 ;
in:490 out:488 type:P dur:2 cpbdur:2 q:24.22 aq:15.65 tex:382715 mv:48081 misc:3316 imb:866 pmb:6427 smb:867 d:s ref:0 ;
in:488 out:489 type:B dur:2 cpbdur:2 q:24.04 aq:18.97 tex:26765 mv:18493 misc:7462 imb:52 pmb:2821 smb:5287 d:s ref:0 ;
in:489 out:490 type:b dur:2 cpbdur:2 q:24.13 aq:19.92 tex:9180 mv:6756 misc:5328 imb:18 pmb:1438 smb:6704 d:- ref:0 ;
in:494 out:491 type:P dur:2 cpbdur:2 q:24.37 aq:15.85 tex:397162 mv:52492 misc:3506 imb:1008 pmb:6287 smb:865 d:s ref:0 ;
in:492 out:492 type:B dur:2 cpbdur:2 q:24.30 aq:19.35 tex:30183 mv:22297 misc:7152 imb:87 pmb:2702 smb:5371 d:s ref:0 ;
in:491 out:493 type:b dur:2 cpbdur:2 q:24.26 aq:19.72 tex:4764 mv:3015 misc:5029 imb:1 pmb:1245 smb:6914 d:s ref:0 ;
in:493 out:494 type:b dur:2 cpbdur:2 q:24.33 aq:19.90 tex:22590 mv:19429 misc:7349 imb:42 pmb:2748 smb:5370 d:- ref:0 ;
in:497 out:495 type:P dur:2 cpbdur:2 q:24.36 aq:15.76 tex:279486 mv:42742 misc:4052 imb:688 pmb:6245 smb:1227 d:s ref:0 ;
in:495 out:496 type:B dur:2 cpbdur:2 q:24.37 aq:19.01 tex:11823 mv:6077 misc:5572 imb:25 pmb:1384 smb:6751 d:s ref:0 ;
in:496 out:497 type:b dur:2 cpbdur:2 q:24.36 aq:20.08 tex:11799 mv:9381 misc:5060 imb:30 pmb:1325 smb:6805 d:- ref:0 ;
in:501 out:498 type:P dur:2 cpbdur:2 q:24.41 aq:16.45 tex:286743 mv:46155 misc:3870 imb:908 pmb:6172 smb:1080 d:s ref:0 ;
in:499 out:499 type:B dur:2 cpbdur:2 q:24.39 aq:18.75 tex:20649 mv:12673 misc:6438 imb:62 pmb:1979 smb:6119 d:s ref:0 ;
in:498 out:500 type:b dur:2 cpbdur:2 q:24.37 aq:19.81 tex:5761 mv:3937 misc:5358 imb:5 pmb:1401 smb:6754 d:s ref:0 ;
in:500 out:501 type:b dur:2 cpbdur:2 q:24.40 aq:20.16 tex:13612 mv:8421 misc:6695 imb:24 pmb:2084 smb:6052 d:- ref:0 ;
in:503 out:502 type:P dur:2 cpbdur:2 q:24.39 aq:15.98 tex:309695 mv:43151 misc:4058 imb:898 pmb:6028 smb:1234 d:s ref:0 ;
in:502 out:503 type:b dur:2 cpbdur:2 q:24.40 aq:19.93 tex:25006 mv:13743 misc:6811 imb:87 pmb:2241 smb:5832 d:s ref:0 ;
in:507 out:504 type:P dur:2 cpbdur:2 q:24.48 aq:15.68 tex:461587 mv:54842 misc:1611 imb:1751 pmb:6180 smb:229 d:s ref:0 ;
in:505 out:505 type:B dur:2 cpbdur:2 q:24.44 aq:19.35 tex:44068 mv:21717 misc:7935 imb:231 pmb:3643 smb:4286 d:s ref:0 ;
in:504 out:506 type:b dur:2 cpbdur:2 q:24.42 aq:19.64 tex:9655 mv:6355 misc:6302 imb:17 pmb:1903 smb:6240 d:s ref:0 ;
in:506 out:507 type:b dur:2 cpbdur:2 q:24.46 aq:20.06 tex:16324 mv:9452 misc:6392 imb:58 pmb:1880 smb:6222 d:- ref:0 ;
in:511 out:508 type:P dur:2 cpbdur:2 q:24.61 aq:16.06 tex:256750 mv:42201 misc:3865 imb:833 pmb:6381 smb:946 d:s ref:0 ;
in:509 out:509 type:B dur:2 cpbdur:2 q:24.55 aq:19.62 tex:38060 mv:18020 misc:7920 imb:103 pmb:3510 smb:4547 d:s ref:0 ;
in:508 out:510 type:b dur:2 cpbdur:2 q:24.52 aq:20.44 tex:9353 mv:6057 misc:4718 imb:30 pmb:1108 smb:7022 d:s ref:0 ;
in:510 out:511 type:b dur:2 cpbdur:2 q:24.58 aq:19.74 tex:4945 mv:3135 misc:4312 imb:5 pmb:989 smb:7166 d:- ref:0 ;
in:515 out:512 type:P dur:2 cpbdur:2 q:24.59 aq:16.39 tex:277680 mv:44863 misc:4017 imb:790 pmb:6253 smb:1117 d:s ref:0 ;
in:513 out:513 type:B dur:2 cpbdur:2 q:24.60 aq:19.01 tex:45499 mv:21601 misc:7876 imb:71 pmb:3752 smb:4337 d:s ref:0 ;
in:512 out:514 type:b dur:2 cpbdur:2 q:24.61 aq:20.39 tex:11445 mv:5942 misc:5693 imb:19 pmb:1531 smb:6610 d:s ref:0 ;
in:514 out:515 type:b dur:2 cpbdur:2 q:24.60 aq:20.83 tex:18377 mv:11990 misc:6969 imb:42 pmb:2311 smb:5807 d:- ref:0 ;
in:517 out:516 type:P dur:2 cpbdur:2 q:24.62 aq:15.92 tex:339887 mv:46262 misc:3691 imb:845 pmb:6210 smb:1105 d:s ref:0 ;
in:516 out:517 type:b dur:2 cpbdur:2 q:24.61 aq:20.42 tex:16386 mv:12017 misc:5621 imb:55 pmb:1616 smb:6489 d:s ref:0 ;
in:521 out:518 type:P dur:2 cpbdur:2 q:24.67 aq:17.18 tex:196806 mv:34071 misc:4995 imb:355 pmb:5711 smb:2094 d:s ref:0 ;
in:519 out:519 type:B dur:2 cpbdur:2 q:24.65 aq:19.27 tex:21760 mv:9192 misc:7088 imb:30 pmb:2343 smb:5787 d:s ref:0 ;
in:518 out:520 type:b dur:2 cpbdur:2 q:24.64 aq:20.57 tex:2718 mv:1341 misc:2861 imb:2 pmb:501 smb:7657 d:s ref:0 ;
in:520 out:521 type:b dur:2 cpbdur:2 q:24.66 aq:20.40 tex:6948 mv:5535 misc:4085 imb:16 pmb:922 smb:7222 d:- ref:0 ;
in:523 out:522 type:P dur:2 cpbdur:2 q:24.65 aq:15.56 tex:488199 mv:51991 misc:2002 imb:1715 pmb:6011 smb:434 d:s ref:0 ;
in:522 out:523 type:b dur:2 cpbdur:2 q:24.66 aq:19.55 tex:14249 mv:8887 misc:6096 imb:86 pmb:1887 smb:6187 d:s ref:0 ;
in:527 out:524 type:P dur:2 cpbdur:2 q:24.75 aq:16.34 tex:194838 mv:36156 misc:5086 imb:508 pmb:5981 smb:1671 d:s ref:0 ;
in:525 out:525 type:B dur:2 cpbdur:2 q:24.70 aq:19.13 tex:10862 mv:5217 misc:5249 imb:11 pmb:1338 smb:6811 d:s ref:0 ;
in:524 out:526 type:b dur:2 cpbdur:2 q:24.68 aq:20.40 tex:4432 mv:2161 misc:4095 imb:1 pmb:882 smb:7277 d:s ref:0 ;
in:526 out:527 type:b dur:2 cpbdur:2 q:24.73 aq:20.68 tex:8447 mv:5634 misc:4567 imb:17 pmb:1109 smb:7034 d:- ref:0 ;
in:530 out:528 type:P dur:2 cpbdur:2 q:24.78 aq:16.27 tex:210815 mv:39773 misc:4436 imb:679 pmb:6100 smb:1381 d:s ref:0 ;
in:528 out:529 type:B dur:2 cpbdur:2 q:24.76 aq:19.65 tex:16353 mv:8511 misc:5880 imb:27 pmb:1691 smb:6442 d:s ref:0 ;
in:529 out:530 type:b dur:2 cpbdur:2 q:24.77 aq:20.47 tex:5842 mv:3468 misc:4442 imb:12 pmb:977 smb:7171 d:- ref:0 ;
in:534 out:531 type:P dur:2 cpbdur:2 q:24.76 aq:16.95 tex:250292 mv:46781 misc:4711 imb:788 pmb:5899 smb:1473 d:s ref:0 ;
in:532 out:532 type:B dur:2 cpbdur:2 q:24.77 aq:19.47 tex:30071 mv:20356 misc:7541 imb:58 pmb:3101 smb:5001 d:s ref:0 ;
in:531 out:533 type:b dur:2 cpbdur:2 q:24.78 aq:20.52 tex:3722 mv:2273 misc:4109 imb:0 pmb:910 smb:7250 d:s ref:0 ;
in:533 out:534 type:b dur:2 cpbdur:2 q:24.77 aq:20.89 tex:20326 mv:16434 misc:7184 imb:43 pmb:2669 smb:5448 d:- ref:0 ;
in:537 out:535 type:P dur:2 cpbdur:2 q:24.70 aq:16.65 tex:371884 mv:49196 misc:3552 imb:1030 pmb:5859 smb:1271 d:s ref:0 ;
in:535 out:536 type:B dur:2 cpbdur:2 q:24.74 aq:19.86 tex:35628 mv:22713 misc:6787 imb:85 pmb:2691 smb:5384 d:s ref:0 ;
in:536 out:537 type:b dur:2 cpbdur:2 q:24.72 aq:20.72 tex:12031 mv:10717 misc:6676 imb:22 pmb:2126 smb:6012 d:- ref:0 ;
in:541 out:538 type:P dur:2 cpbdur:2 q:24.76 aq:16.20 tex:502469 mv:60546 misc:1825 imb:2033 pmb:5819 smb:308 d:s ref:0 ;
in:539 out:539 type:B dur:2 cpbdur:2 q:24.73 aq:19.65 tex:34944 mv:27229 misc:7355 imb:167 pmb:3106 smb:4887 d:s ref:0 ;
in:538 out:540 type:b dur:2 cpbdur:2 q:24.71 aq:20.08 tex:5057 mv:3813 misc:4954 imb:5 pmb:1196 smb:6959 d:s ref:0 ;
in:540 out:541 type:b dur:2 cpbdur:2 q:24.74 aq:20.46 tex:31847 mv:22672 misc:7385 imb:150 pmb:2976 smb:5034 d:- ref:0 ;
in:543 out:542 type:P dur:2 cpbdur:2 q:24.94 aq:16.29 tex:216959 mv:38479 misc:5146 imb:465 pmb:6031 smb:1664 d:s ref:0 ;
in:542 out:543 type:b dur:2 cpbdur:2 q:24.85 aq:20.13 tex:13247 mv:6827 misc:5398 imb:75 pmb:1387 smb:6698 d:s ref:0 ;
in:547 out:544 type:P dur:2 cpbdur:2 q:25.05 aq:16.67 tex:339285 mv:49290 misc:3801 imb:811 pmb:6090 smb:1259 d:s ref:0 ;
in:545 out:545 type:B dur:2 cpbdur:2 q:24.99 aq:20.10 tex:37789 mv:25296 misc:7347 imb:121 pmb:3138 smb:4901 d:s ref:0 ;
in:544 out:546 type:b dur:2 cpbdur:2 q:24.97 aq:20.21 tex:3778 mv:3766 misc:4448 imb:4 pmb:1068 smb:7088 d:s ref:0 ;
in:546 out:547 type:b dur:2 cpbdur:2 q:25.02 aq:20.94 tex:14983 mv:13587 misc:5366 imb:47 pmb:1516 smb:6597 d:- ref:0 ;
in:551 out:548 type:P dur:2 cpbdur:2 q:24.98 aq:16.72 tex:282554 mv:46997 misc:3873 imb:789 pmb:6240 smb:1131 d:s ref:0 ;
in:549 out:549 type:B dur:2 cpbdur:2 q:25.01 aq:20.32 tex:24126 mv:15291 misc:7431 imb:42 pmb:2690 smb:5428 d:s ref:0 ;
in:548 out:550 type:b dur:2 cpbdur:2 q:25.03 aq:20.84 tex:9559 mv:6945 misc:5792 imb:17 pmb:1570 smb:6573 d:s ref:0 ;
in:550 out:551 type:b dur:2 cpbdur:2 q:25.00 aq:20.42 tex:4403 mv:3089 misc:4468 imb:2 pmb:1007 smb:7151 d:- ref:0 ;
in:555 out:552 type:P dur:2 cpbdur:2 q:25.00 aq:17.17 tex:228312 mv:43167 misc:4425 imb:663 pmb:6139 smb:1358 d:s ref:0 ;
in:553 out:553 type:B dur:2 cpbdur:2 q:24.99 aq:19.38 tex:46772 mv:22817 misc:7891 imb:66 pmb:3914 smb:4180 d:s ref:0 ;
in:552 out:554 type:b dur:2 cpbdur:2 q:24.99 aq:20.85 tex:10232 mv:6921 misc:5439 imb:15 pmb:1387 smb:6758 d:s ref:0 ;
in:554 out:555 type:b dur:2 cpbdur:2 q:25.00 aq:20.45 tex:9113 mv:5644 misc:5403 imb:23 pmb:1395 smb:6742 d:- ref:0 ;
in:557 out:556 type:P dur:2 cpbdur:2 q:24.97 aq:16.19 tex:389009 mv:53713 misc:2758 imb:1629 pmb:5945 smb:586 d:s ref:0 ;
in:556 out:557 type:b dur:2 cpbdur:2 q:24.99 aq:20.31 tex:24688 mv:16125 misc:6811 imb:109 pmb:2325 smb:5726 d:s ref:0 ;
in:561 out:558 type:P dur:2 cpbdur:2 q:25.03 aq:16.82 tex:243103 mv:41824 misc:4449 imb:723 pmb:6079 smb:1358 d:s ref:0 ;
in:559 out:559 type:B dur:2 cpbdur:2 q:25.00 aq:19.28 tex:26983 mv:16536 misc:7145 imb:60 pmb:2701 smb:5399 d:s ref:0 ;
in:558 out:560 type:b dur:2 cpbdur:2 q:24.98 aq:20.46 tex:4876 mv:3854 misc:4766 imb:3 pmb:1146 smb:7011 d:s ref:0 ;
in:560 out:561 type:b dur:2 cpbdur:2 q:25.01 aq:20.73 tex:9008 mv:6463 misc:5593 imb:22 pmb:1497 smb:6641 d:- ref:0 ;
in:563 out:562 type:P dur:2 cpbdur:2 q:25.07 aq:16.49 tex:218942 mv:41328 misc:4938 imb:591 pmb:5982 smb:1587 d:s ref:0 ;
in:562 out:563 type:b dur:2 cpbdur:2 q:25.05 aq:20.88 tex:13941 mv:13147 misc:6368 imb:38 pmb:1983 smb:6139 d:s ref:0 ;
in:567 out:564 type:P dur:2 cpbdur:2 q:25.12 aq:17.12 tex:268080 mv:48144 misc:4272 imb:702 pmb:6067 smb:1391 d:s ref:0 ;
in:565 out:565 type:B dur:2 cpbdur:2 q:25.09 aq:19.68 tex:35993 mv:23260 misc:7267 imb:56 pmb:3184 smb:4920 d:s ref:0 ;
in:564 out:566 type:b dur:2 cpbdur:2 q:25.08 aq:20.45 tex:4367 mv:3734 misc:4675 imb:3 pmb:1119 smb:7038 d:s ref:0 ;
in:566 out:567 type:b dur:2 cpbdur:2 q:25.11 aq:20.65 tex:11255 mv:7833 misc:6152 imb:21 pmb:1838 smb:6301 d:- ref:0 ;
in:570 out:568 type:P dur:2 cpbdur:2 q:25.09 aq:16.72 tex:408460 mv:50979 misc:3433 imb:883 pmb:6111 smb:1166 d:s ref:0 ;
in:568 out:569 type:B dur:2 cpbdur:2 q:25.11 aq:20.47 tex:26101 mv:22917 misc:6822 imb:56 pmb:2665 smb:5439 d:s ref:0 ;
in:569 out:570 type:b dur:2 cpbdur:2 q:25.10 aq:20.90 tex:9678 mv:11257 misc:5329 imb:37 pmb:1428 smb:6695 d:- ref:0 ;
in:574 out:571 type:P dur:2 cpbdur:2 q:25.17 aq:17.74 tex:185471 mv:37489 misc:4992 imb:486 pmb:5751 smb:1923 d:s ref:0 ;
in:572 out:572 type:B dur:2 cpbdur:2 q:25.13 aq:19.53 tex:12173 mv:7418 misc:6257 imb:23 pmb:1781 smb:6356 d:s ref:0 ;
in:571 out:573 type:b dur:2 cpbdur:2 q:25.11 aq:20.71 tex:3714 mv:1963 misc:3571 imb:6 pmb:717 smb:7437 d:s ref:0 ;
in:573 out:574 type:b dur:2 cpbdur:2 q:25.15 aq:20.87 tex:12765 mv:9301 misc:6262 imb:27 pmb:1783 smb:6350 d:- ref:0 ;
in:577 out:575 type:P dur:2 cpbdur:2 q:25.19 aq:16.74 tex:301211 mv:49778 misc:2899 imb:1446 pmb:6032 smb:682 d:s ref:0 ;
in:575 out:576 type:B dur:2 cpbdur:2 q:25.18 aq:19.69 tex:24546 mv:16748 misc:7594 imb:137 pmb:2932 smb:5091 d:s ref:0 ;
in:576 out:577 type:b dur:2 cpbdur:2 q:25.19 aq:20.55 tex:9054 mv:5681 misc:5689 imb:23 pmb:1440 smb:6697 d:- ref:0 ;
in:581 out:578 type:P dur:2 cpbdur:2 q:25.20 aq:17.60 tex:155510 mv:38988 misc:5126 imb:643 pmb:5887 smb:1630 d:s ref:0 ;
in:579 out:579 type:B dur:2 cpbdur:2 q:25.19 aq:20.10 tex:15002 mv:9883 misc:6075 imb:39 pmb:1691 smb:6430 d:s ref:0 ;
in:578 out:580 type:b dur:2 cpbdur:2 q:25.19 aq:20.70 tex:5213 mv:4207 misc:5012 imb:6 pmb:1219 smb:6935 d:s ref:0 ;
in:580 out:581 type:b dur:2 cpbdur:2 q:25.20 aq:21.19 tex:14033 mv:8901 misc:6578 imb:25 pmb:1974 smb:6161 d:- ref:0 ;
in:583 out:582 type:P dur:2 cpbdur:2 q:25.13 aq:17.69 tex:83482 mv:26781 misc:7209 imb:350 pmb:4766 smb:3044 d:s ref:0 ;
in:582 out:583 type:b dur:2 cpbdur:2 q:25.16 aq:20.76 tex:7178 mv:3201 misc:4661 imb:10 pmb:1074 smb:7076 d:s ref:0 ;
in:587 out:584 type:P dur:2 cpbdur:2 q:25.10 aq:20.14 tex:134451 mv:46353 misc:6004 imb:890 pmb:4843 smb:2427 d:s ref:0 ;
in:585 out:585 type:B dur:2 cpbdur:2 q:25.11 aq:20.08 tex:46633 mv:24515 misc:7852 imb:75 pmb:4080 smb:4005 d:s ref:0 ;
in:584 out:586 type:b dur:2 cpbdur:2 q:25.12 aq:20.49 tex:3383 mv:2648 misc:3841 imb:6 pmb:828 smb:7326 d:s ref:0 ;
in:586 out:587 type:b dur:2 cpbdur:2 q:25.11 aq:21.28 tex:30642 mv:25619 misc:7267 imb:57 pmb:3239 smb:4864 d:- ref:0 ;
in:588 out:588 type:P dur:2 cpbdur:2 q:25.00 aq:21.21 tex:68687 mv:30109 misc:6828 imb:417 pmb:3973 smb:3770 d:s ref:0 ;
in:589 out:589 type:I dur:2 cpbdur:2 q:22.15 aq:15.45 tex:623546 mv:194523 misc:747 imb:8160 pmb:0 smb:0 d:s ref:;
in:593 out:590 type:P dur:2 cpbdur:2 q:25.20 aq:17.85 tex:359917 mv:74602 misc:1737 imb:3430 pmb:4490 smb:240 d:s ref:0 ;
in:591 out:591 type:B dur:2 cpbdur:2 q:25.20 aq:18.18 tex:116858 mv:68183 misc:6159 imb:840 pmb:5529 smb:1791 d:s ref:0 ;
in:590 out:592 type:b dur:2 cpbdur:2 q:25.20 aq:18.29 tex:5579 mv:3265 misc:3844 imb:34 pmb:1053 smb:7073 d:s ref:0 ;
in:592 out:593 type:b dur:2 cpbdur:2 q:25.20 aq:19.62 tex:45946 mv:40040 misc:8078 imb:479 pmb:3842 smb:3839 d:- ref:0 ;
in:597 out:594 type:P dur:2 cpbdur:2 q:25.20 aq:17.10 tex:410309 mv:76785 misc:1906 imb:3244 pmb:4651 smb:265 d:s ref:0 ;
in:595 out:595 type:B dur:2 cpbdur:2 q:25.20 aq:19.19 tex:98819 mv:63067 misc:6986 imb:723 pmb:5034 smb:2403 d:s ref:0 ;
in:594 out:596 type:b dur:2 cpbdur:2 q:25.20 aq:20.01 tex:44093 mv:37257 misc:8026 imb:381 pmb:3741 smb:4038 d:s ref:0 ;
in:596 out:597 type:b dur:2 cpbdur:2 q:25.20 aq:20.11 tex:40960 mv:33164 misc:7708 imb:348 pmb:3310 smb:4502 d:- ref:0 ;
in:601 out:598 type:P dur:2 cpbdur:2 q:25.42 aq:17.82 tex:353224 mv:67814 misc:3074 imb:2581 pmb:4895 smb:684 d:s ref:0 ;
in:599 out:599 type:B dur:2 cpbdur:2 q:25.31 aq:19.43 tex:70969 mv:44638 misc:7689 imb:497 pmb:4386 smb:3277 d:s ref:0 ;
in:598 out:600 type:b dur:2 cpbdur:2 q:25.25 aq:18.34 tex:6031 mv:4635 misc:5350 imb:16 pmb:1500 smb:6644 d:s ref:0 ;
in:600 out:601 type:b dur:2 cpbdur:2 q:25.36 aq:20.33 tex:48272 mv:33650 misc:7822 imb:326 pmb:3588 smb:4246 d:- ref:0 ;
in:603 out:602 type:P dur:2 cpbdur:2 q:25.61 aq:17.20 tex:299207 mv:57708 misc:3789 imb:1970 pmb:5294 smb:896 d:s ref:0 ;
in:602 out:603 type:b dur:2 cpbdur:2 q:25.51 aq:19.95 tex:24748 mv:21184 misc:7492 imb:168 pmb:2639 smb:5353 d:s ref:0 ;
in:607 out:604 type:P dur:2 cpbdur:2 q:25.72 aq:17.99 tex:225009 mv:56245 misc:4082 imb:1914 pmb:5254 smb:992 d:s ref:0 ;
in:605 out:605 type:B dur:2 cpbdur:2 q:25.67 aq:19.48 tex:39594 mv:29794 misc:8140 imb:282 pmb:3682 smb:4196 d:s ref:0 ;
in:604 out:606 type:b dur:2 cpbdur:2 q:25.64 aq:19.15 tex:6922 mv:5911 misc:6415 imb:30 pmb:1974 smb:6156 d:s ref:0 ;
in:606 out:607 type:b dur:2 cpbdur:2 q:25.69 aq:20.25 tex:17975 mv:13589 misc:6692 imb:141 pmb:2023 smb:5996 d:- ref:0 ;
in:610 out:608 type:P dur:2 cpbdur:2 q:25.75 aq:17.53 tex:233006 mv:56779 misc:3623 imb:1952 pmb:5376 smb:832 d:s ref:0 ;
in:608 out:609 type:B dur:2 cpbdur:2 q:25.73 aq:19.72 tex:27250 mv:19450 misc:7500 imb:199 pmb:2558 smb:5403 d:s ref:0 ;
in:609 out:610 type:b dur:2 cpbdur:2 q:25.74 aq:20.29 tex:24329 mv:19155 misc:7660 imb:185 pmb:2738 smb:5237 d:- ref:0 ;
in:614 out:611 type:P dur:2 cpbdur:2 q:25.80 aq:18.41 tex:193323 mv:53378 misc:4459 imb:1842 pmb:5107 smb:1211 d:s ref:0 ;
in:612 out:612 type:B dur:2 cpbdur:2 q:25.78 aq:19.59 tex:34769 mv:25586 misc:7901 imb:231 pmb:3199 smb:4730 d:s ref:0 ;
in:611 out:613 type:b dur:2 cpbdur:2 q:25.76 aq:19.47 tex:6319 mv:5644 misc:5869 imb:17 pmb:1644 smb:6499 d:s ref:0 ;
in:613 out:614 type:b dur:2 cpbdur:2 q:25.79 aq:20.28 tex:22116 mv:18141 misc:7295 imb:184 pmb:2417 smb:5559 d:- ref:0 ;
in:617 out:615 type:P dur:2 cpbdur:2 q:25.76 aq:17.70 tex:305462 mv:62129 misc:2913 imb:2302 pmb:5230 smb:628 d:s ref:0 ;
in:615 out:616 type:B dur:2 cpbdur:2 q:25.79 aq:19.77 tex:41305 mv:26477 misc:7842 imb:239 pmb:3266 smb:4655 d:s ref:0 ;
in:616 out:617 type:b dur:2 cpbdur:2 q:25.78 aq:20.46 tex:24362 mv:19735 misc:7495 imb:181 pmb:2674 smb:5305 d:- ref:0 ;
in:621 out:618 type:P dur:2 cpbdur:2 q:25.82 aq:18.56 tex:191377 mv:53443 misc:4612 imb:1957 pmb:5083 smb:1120 d:s ref:0 ;
in:619 out:619 type:B dur:2 cpbdur:2 q:25.79 aq:19.76 tex:40114 mv:28472 misc:8054 imb:285 pmb:3528 smb:4347 d:s ref:0 ;
in:618 out:620 type:b dur:2 cpbdur:2 q:25.78 aq:19.42 tex:7191 mv:5278 misc:6115 imb:14 pmb:1820 smb:6326 d:s ref:0 ;
in:620 out:621 type:b dur:2 cpbdur:2 q:25.80 aq:20.48 tex:20713 mv:17228 misc:6971 imb:192 pmb:2177 smb:5791 d:- ref:0 ;
in:623 out:622 type:P dur:2 cpbdur:2 q:25.83 aq:18.37 tex:162290 mv:50700 misc:5138 imb:1644 pmb:5201 smb:1315 d:s ref:0 ;
in:622 out:623 type:b dur:2 cpbdur:2 q:25.83 aq:20.55 tex:23915 mv:17203 misc:7290 imb:196 pmb:2386 smb:5578 d:s ref:0 ;
in:627 out:624 type:P dur:2 cpbdur:2 q:25.86 aq:20.19 tex:207821 mv:61359 misc:3988 imb:2752 pmb:4431 smb:977 d:s ref:0 ;
in:625 out:625 type:B dur:2 cpbdur:2 q:25.85 aq:19.97 tex:69105 mv:40714 misc:7829 imb:540 pmb:4412 smb:3208 d:s ref:0 ;
in:624 out:626 type:b dur:2 cpbdur:2 q:25.84 aq:19.50 tex:8279 mv:7481 misc:6776 imb:35 pmb:2140 smb:5985 d:s ref:0 ;
in:626 out:627 type:b dur:2 cpbdur:2 q:25.85 aq:20.80 tex:42543 mv:32063 misc:7874 imb:317 pmb:3730 smb:4113 d:- ref:0 ;
in:629 out:628 type:P dur:2 cpbdur:2 q:25.84 aq:19.45 tex:324118 mv:66036 misc:2694 imb:4589 pmb:3022 smb:549 d:s ref:0 ;
in:628 out:629 type:b dur:2 cpbdur:2 q:25.85 aq:20.93 tex:122478 mv:62002 misc:6304 imb:1131 pmb:4226 smb:2803 d:s ref:0 ;
in:631 out:630 type:P dur:2 cpbdur:2 q:25.90 aq:19.63 tex:190458 mv:57404 misc:4450 imb:2878 pmb:3826 smb:1456 d:s ref:0 ;
in:630 out:631 type:b dur:2 cpbdur:2 q:25.87 aq:18.89 tex:7024 mv:2798 misc:4002 imb:27 pmb:927 smb:7206 d:s ref:0 ;
in:635 out:632 type:P dur:2 cpbdur:2 q:25.90 aq:19.94 tex:235328 mv:68935 misc:1945 imb:4592 pmb:3208 smb:360 d:s ref:0 ;
in:633 out:633 type:B dur:2 cpbdur:2 q:25.90 aq:19.64 tex:131825 mv:72250 misc:5541 imb:1888 pmb:4710 smb:1562 d:s ref:0 ;
in:632 out:634 type:b dur:2 cpbdur:2 q:25.90 aq:20.48 tex:65884 mv:47045 misc:7471 imb:996 pmb:3842 smb:3322 d:s ref:0 ;
in:634 out:635 type:b dur:2 cpbdur:2 q:25.90 aq:20.61 tex:64759 mv:48230 misc:7339 imb:988 pmb:3968 smb:3204 d:- ref:0 ;
in:637 out:636 type:P dur:2 cpbdur:2 q:26.05 aq:18.91 tex:301373 mv:70087 misc:2204 imb:4666 pmb:3010 smb:484 d:s ref:0 ;
in:636 out:637 type:b dur:2 cpbdur:2 q:25.98 aq:20.87 tex:89300 mv:60100 misc:6440 imb:1238 pmb:4146 smb:2776 d:s ref:0 ;
in:641 out:638 type:P dur:2 cpbdur:2 q:26.13 aq:20.31 tex:256961 mv:71139 misc:2028 imb:4972 pmb:2738 smb:450 d:s ref:0 ;
in:639 out:639 type:B dur:2 cpbdur:2 q:26.09 aq:20.61 tex:140532 mv:76383 misc:5189 imb:1907 pmb:4437 smb:1816 d:s ref:0 ;
in:638 out:640 type:b dur:2 cpbdur:2 q:26.07 aq:18.91 tex:4299 mv:2887 misc:3638 imb:22 pmb:870 smb:7268 d:s ref:0 ;
in:640 out:641 type:b dur:2 cpbdur:2 q:26.11 aq:20.88 tex:88711 mv:62801 misc:6112 imb:1328 pmb:4059 smb:2773 d:- ref:0 ;
in:643 out:642 type:P dur:2 cpbdur:2 q:26.30 aq:18.90 tex:277062 mv:76071 misc:1539 imb:4530 pmb:3369 smb:261 d:s ref:0 ;
in:642 out:643 type:b dur:2 cpbdur:2 q:26.22 aq:20.73 tex:84088 mv:61738 misc:6654 imb:1070 pmb:4455 smb:2635 d:s ref:0 ;
in:647 out:644 type:P dur:2 cpbdur:2 q:26.43 aq:20.05 tex:266198 mv:72876 misc:1262 imb:4878 pmb:3161 smb:121 d:s ref:0 w:0,1,-3 ;
in:645 out:645 type:B dur:2 cpbdur:2 q:26.36 aq:20.54 tex:91205 mv:68477 misc:6526 imb:1351 pmb:4730 smb:2079 d:s ref:0 ;
in:644 out:646 type:b dur:2 cpbdur:2 q:26.33 aq:19.28 tex:5471 mv:3031 misc:4082 imb:13 pmb:1072 smb:7075 d:s ref:0 ;
in:646 out:647 type:b dur:2 cpbdur:2 q:26.40 aq:20.89 tex:80374 mv:58044 misc:7158 imb:1118 pmb:4383 smb:2659 d:- ref:0 ;
in:650 out:648 type:P dur:2 cpbdur:2 q:26.57 aq:19.05 tex:279095 mv:75822 misc:2003 imb:4053 pmb:3798 smb:309 d:s ref:0 ;
in:648 out:649 type:B dur:2 cpbdur:2 q:26.47 aq:20.61 tex:90254 mv:61382 misc:7020 imb:1053 pmb:4539 smb:2568 d:s ref:0 ;
in:649 out:650 type:b dur:2 cpbdur:2 q:26.52 aq:21.03 tex:50614 mv:46103 misc:7683 imb:712 pmb:3853 smb:3595 d:- ref:0 ;
in:654 out:651 type:P dur:2 cpbdur:2 q:26.72 aq:20.11 tex:250231 mv:70912 misc:2953 imb:3879 pmb:3708 smb:573 d:s ref:0 ;
in:652 out:652 type:B dur:2 cpbdur:2 q:26.64 aq:20.72 tex:71734 mv:53592 misc:7546 imb:777 pmb:4179 smb:3204 d:s ref:0 ;
in:651 out:653 type:b dur:2 cpbdur:2 q:26.61 aq:19.13 tex:6221 mv:5191 misc:5476 imb:24 pmb:1577 smb:6559 d:s ref:0 ;
in:653 out:654 type:b dur:2 cpbdur:2 q:26.68 aq:21.51 tex:53440 mv:43508 misc:7804 imb:523 pmb:4008 smb:3629 d:- ref:0 ;
in:657 out:655 type:P dur:2 cpbdur:2 q:26.80 aq:19.00 tex:314826 mv:71512 misc:2518 imb:3585 pmb:4090 smb:485 d:s ref:0 ;
in:655 out:656 type:B dur:2 cpbdur:2 q:26.74 aq:21.11 tex:63832 mv:46354 misc:7654 imb:554 pmb:3864 smb:3742 d:s ref:0 ;
in:656 out:657 type:b dur:2 cpbdur:2 q:26.77 aq:21.45 tex:30631 mv:30345 misc:7256 imb:309 pmb:2710 smb:5141 d:- ref:0 ;
in:661 out:658 type:P dur:2 cpbdur:2 q:26.91 aq:19.81 tex:244105 mv:64164 misc:4083 imb:2837 pmb:4248 smb:1075 d:s ref:0 ;
in:659 out:659 type:B dur:2 cpbdur:2 q:26.85 aq:20.74 tex:40720 mv:36478 misc:7714 imb:405 pmb:3263 smb:4492 d:s ref:0 ;
in:658 out:660 type:b dur:2 cpbdur:2 q:26.82 aq:19.72 tex:4864 mv:3505 misc:4623 imb:17 pmb:1242 smb:6901 d:s ref:0 ;
in:660 out:661 type:b dur:2 cpbdur:2 q:26.88 aq:21.55 tex:28415 mv:27662 misc:7619 imb:245 pmb:2914 smb:5001 d:- ref:0 ;
in:665 out:662 type:P dur:2 cpbdur:2 q:26.96 aq:20.26 tex:210009 mv:63213 misc:3194 imb:3082 pmb:4314 smb:764 d:s ref:0 ;
in:663 out:663 type:B dur:2 cpbdur:2 q:26.94 aq:19.81 tex:70828 mv:43638 misc:7606 imb:528 pmb:4546 smb:3086 d:s ref:0 ;
in:662 out:664 type:b dur:2 cpbdur:2 q:26.92 aq:21.68 tex:35484 mv:31475 misc:7929 imb:346 pmb:3500 smb:4314 d:s ref:0 ;
in:664 out:665 type:b dur:2 cpbdur:2 q:26.95 aq:20.44 tex:4370 mv:3610 misc:4732 imb:24 pmb:1166 smb:6970 d:- ref:0 ;
in:667 out:666 type:P dur:2 cpbdur:2 q:26.94 aq:20.63 tex:132211 mv:48141 misc:5936 imb:1927 pmb:4124 smb:2109 d:s ref:0 ;
in:666 out:667 type:b dur:2 cpbdur:2 q:26.95 aq:21.40 tex:16876 mv:16424 misc:6596 imb:122 pmb:2033 smb:6005 d:s ref:0 ;
in:671 out:668 type:P dur:2 cpbdur:2 q:26.96 aq:21.56 tex:277695 mv:62814 misc:1851 imb:5881 pmb:1949 smb:330 d:s ref:0 ;
in:669 out:669 type:B dur:2 cpbdur:2 q:26.95 aq:21.30 tex:84681 mv:47917 misc:7258 imb:1124 pmb:4026 smb:3010 d:s ref:0 ;
in:668 out:670 type:b dur:2 cpbdur:2 q:26.95 aq:21.57 tex:20430 mv:19817 misc:6889 imb:222 pmb:2168 smb:5770 d:s ref:0 ;
in:670 out:671 type:b dur:2 cpbdur:2 q:26.96 aq:21.89 tex:7418 mv:3278 misc:4048 imb:21 pmb:875 smb:7264 d:- ref:0 ;
in:673 out:672 type:P dur:2 cpbdur:2 q:26.97 aq:21.66 tex:235274 mv:53758 misc:2248 imb:6265 pmb:1211 smb:684 d:s ref:0 ;
in:672 out:673 type:b dur:2 cpbdur:2 q:26.96 aq:21.60 tex:119970 mv:33995 misc:6987 imb:1131 pmb:4142 smb:2887 d:s ref:0 ;
in:674 out:674 type:I dur:2 cpbdur:2 q:23.72 aq:17.53 tex:523476 mv:249909 misc:719 imb:8160 pmb:0 smb:0 d:s ref:;
in:677 out:675 type:P dur:2 cpbdur:2 q:27.19 aq:20.75 tex:442030 mv:62598 misc:1212 imb:5853 pmb:2168 smb:139 d:s ref:0 ;
in:675 out:676 type:B dur:2 cpbdur:2 q:27.19 aq:22.26 tex:16721 mv:17138 misc:6277 imb:178 pmb:1868 smb:6114 d:s ref:0 ;
in:676 out:677 type:b dur:2 cpbdur:2 q:27.19 aq:22.64 tex:64926 mv:18367 misc:6931 imb:734 pmb:3131 smb:4295 d:- ref:0 ;
in:681 out:678 type:P dur:2 cpbdur:2 q:27.30 aq:19.38 tex:665453 mv:71378 misc:961 imb:5752 pmb:2362 smb:46 d:s ref:0 ;
in:679 out:679 type:B dur:2 cpbdur:2 q:27.25 aq:22.86 tex:92747 mv:30813 misc:6872 imb:973 pmb:3565 smb:3622 d:s ref:0 ;
in:678 out:680 type:b dur:2 cpbdur:2 q:27.22 aq:21.42 tex:3074 mv:913 misc:2349 imb:7 pmb:451 smb:7702 d:s ref:0 ;
in:680 out:681 type:b dur:2 cpbdur:2 q:27.27 aq:22.88 tex:33126 mv:22704 misc:7258 imb:454 pmb:2655 smb:5051 d:- ref:0 ;
in:683 out:682 type:P dur:2 cpbdur:2 q:27.66 aq:19.60 tex:114755 mv:33239 misc:6638 imb:418 pmb:5459 smb:2283 d:s ref:0 ;
in:682 out:683 type:b dur:2 cpbdur:2 q:27.48 aq:23.13 tex:6064 mv:3581 misc:4363 imb:12 pmb:987 smb:7161 d:s ref:0 ;
in:687 out:684 type:P dur:2 cpbdur:2 q:27.76 aq:19.76 tex:231095 mv:55483 misc:4286 imb:870 pmb:6016 smb:1274 d:s ref:0 ;
in:685 out:685 type:B dur:2 cpbdur:2 q:27.71 aq:22.84 tex:15009 mv:17213 misc:7266 imb:54 pmb:2508 smb:5598 d:s ref:0 ;
in:684 out:686 type:b dur:2 cpbdur:2 q:27.69 aq:22.64 tex:1213 mv:1452 misc:2983 imb:2 pmb:615 smb:7543 d:s ref:0 ;
in:686 out:687 type:b dur:2 cpbdur:2 q:27.74 aq:24.17 tex:14116 mv:19993 misc:6387 imb:102 pmb:2172 smb:5886 d:- ref:0 ;
in:691 out:688 type:P dur:2 cpbdur:2 q:27.70 aq:19.83 tex:151339 mv:43439 misc:5230 imb:403 pmb:6067 smb:1690 d:s ref:0 ;
in:689 out:689 type:B dur:2 cpbdur:2 q:27.73 aq:22.56 tex:22469 mv:18445 misc:7510 imb:36 pmb:2936 smb:5188 d:s ref:0 ;
in:688 out:690 type:b dur:2 cpbdur:2 q:27.75 aq:23.33 tex:3144 mv:5016 misc:5296 imb:12 pmb:1359 smb:6789 d:s ref:0 ;
in:690 out:691 type:b dur:2 cpbdur:2 q:27.72 aq:22.59 tex:1309 mv:1968 misc:3315 imb:0 pmb:709 smb:7451 d:- ref:0 ;
in:695 out:692 type:P dur:2 cpbdur:2 q:27.62 aq:19.85 tex:176336 mv:45937 misc:4943 imb:465 pmb:6172 smb:1523 d:s ref:0 ;
in:693 out:693 type:B dur:2 cpbdur:2 q:27.66 aq:22.18 tex:13957 mv:13911 misc:6748 imb:34 pmb:2139 smb:5987 d:s ref:0 ;
in:692 out:694 type:b dur:2 cpbdur:2 q:27.68 aq:23.93 tex:9773 mv:13331 misc:6296 imb:23 pmb:1885 smb:6252 d:s ref:0 ;
in:694 out:695 type:b dur:2 cpbdur:2 q:27.64 aq:23.43 tex:5529 mv:4462 misc:5081 imb:15 pmb:1219 smb:6926 d:- ref:0 ;
in:697 out:696 type:P dur:2 cpbdur:2 q:27.57 aq:19.70 tex:137532 mv:40513 misc:5035 imb:490 pmb:5754 smb:1916 d:s ref:0 ;
in:696 out:697 type:b dur:2 cpbdur:2 q:27.59 aq:23.30 tex:5313 mv:6531 misc:4908 imb:11 pmb:1207 smb:6942 d:s ref:0 ;
in:701 out:698 type:P dur:2 cpbdur:2 q:27.56 aq:19.30 tex:203938 mv:52112 misc:3270 imb:1218 pmb:6258 smb:684 d:s ref:0 ;
in:699 out:699 type:B dur:2 cpbdur:2 q:27.57 aq:22.24 tex:17797 mv:14147 misc:7024 imb:72 pmb:2370 smb:5718 d:s ref:0 ;
in:698 out:700 type:b dur:2 cpbdur:2 q:27.57 aq:22.41 tex:2401 mv:2003 misc:3764 imb:2 pmb:832 smb:7326 d:s ref:0 ;
in:700 out:701 type:b dur:2 cpbdur:2 q:27.57 aq:23.18 tex:6446 mv:4113 misc:4849 imb:15 pmb:1106 smb:7039 d:- ref:0 ;
in:703 out:702 type:P dur:2 cpbdur:2 q:27.51 aq:19.13 tex:201792 mv:39107 misc:4581 imb:377 pmb:6292 smb:1491 d:s ref:0 ;
in:702 out:703 type:b dur:2 cpbdur:2 q:27.54 aq:23.08 tex:4148 mv:3592 misc:3548 imb:10 pmb:725 smb:7425 d:s ref:0 ;
in:707 out:704 type:P dur:2 cpbdur:2 q:27.54 aq:19.63 tex:93983 mv:32349 misc:6452 imb:305 pmb:5565 smb:2290 d:s ref:0 ;
in:705 out:705 type:B dur:2 cpbdur:2 q:27.52 aq:22.16 tex:8112 mv:3862 misc:4802 imb:17 pmb:1052 smb:7091 d:s ref:0 ;
in:704 out:706 type:b dur:2 cpbdur:2 q:27.52 aq:22.34 tex:1171 mv:537 misc:1556 imb:2 pmb:211 smb:7947 d:s ref:0 ;
in:706 out:707 type:b dur:2 cpbdur:2 q:27.53 aq:22.62 tex:2478 mv:1121 misc:2465 imb:7 pmb:385 smb:7768 d:- ref:0 ;
in:710 out:708 type:P dur:2 cpbdur:2 q:27.47 aq:19.66 tex:98089 mv:35863 misc:6136 imb:383 pmb:5715 smb:2062 d:s ref:0 ;
in:708 out:709 type:B dur:2 cpbdur:2 q:27.51 aq:22.42 tex:6195 mv:3880 misc:3981 imb:16 pmb:840 smb:7304 d:s ref:0 ;
in:709 out:710 type:b dur:2 cpbdur:2 q:27.49 aq:23.36 tex:5870 mv:4729 misc:4697 imb:13 pmb:1064 smb:7083 d:- ref:0 ;
in:714 out:711 type:P dur:2 cpbdur:2 q:27.41 aq:20.90 tex:81136 mv:37054 misc:6458 imb:318 pmb:5244 smb:2598 d:s ref:0 ;
in:712 out:712 type:B dur:2 cpbdur:2 q:27.44 aq:22.20 tex:17993 mv:13599 misc:6720 imb:47 pmb:2287 smb:5826 d:s ref:0 ;
in:711 out:713 type:b dur:2 cpbdur:2 q:27.46 aq:23.03 tex:1443 mv:1304 misc:2413 imb:2 pmb:431 smb:7727 d:s ref:0 ;
in:713 out:714 type:b dur:2 cpbdur:2 q:27.43 aq:22.99 tex:4303 mv:4074 misc:4599 imb:19 pmb:1065 smb:7076 d:- ref:0 ;
in:717 out:715 type:P dur:2 cpbdur:2 q:27.33 aq:19.44 tex:362500 mv:66304 misc:1908 imb:2050 pmb:5833 smb:277 d:s ref:0 ;
in:715 out:716 type:B dur:2 cpbdur:2 q:27.39 aq:23.42 tex:19933 mv:23344 misc:6187 imb:124 pmb:2229 smb:5807 d:s ref:0 ;
in:716 out:717 type:b dur:2 cpbdur:2 q:27.36 aq:23.27 tex:23951 mv:22759 misc:7226 imb:160 pmb:2767 smb:5233 d:- ref:0 ;
in:721 out:718 type:P dur:2 cpbdur:2 q:27.35 aq:20.35 tex:194400 mv:54497 misc:4503 imb:1016 pmb:5705 smb:1439 d:s ref:0 ;
in:719 out:719 type:B dur:2 cpbdur:2 q:27.34 aq:21.23 tex:9159 mv:6896 misc:5097 imb:27 pmb:1361 smb:6772 d:s ref:0 ;
in:718 out:720 type:b dur:2 cpbdur:2 q:27.34 aq:22.34 tex:1269 mv:588 misc:1639 imb:2 pmb:244 smb:7914 d:s ref:0 ;
in:720 out:721 type:b dur:2 cpbdur:2 q:27.34 aq:24.21 tex:19672 mv:23066 misc:5958 imb:86 pmb:2234 smb:5840 d:- ref:0 ;
in:723 out:722 type:P dur:2 cpbdur:2 q:27.33 aq:19.16 tex:334724 mv:59280 misc:3580 imb:1111 pmb:5946 smb:1103 d:s ref:0 ;
in:722 out:723 type:b dur:2 cpbdur:2 q:27.34 aq:23.79 tex:23398 mv:25849 misc:6177 imb:77 pmb:2536 smb:5547 d:s ref:0 ;
in:727 out:724 type:P dur:2 cpbdur:2 q:27.40 aq:19.67 tex:233364 mv:48590 misc:4038 imb:678 pmb:6240 smb:1242 d:s ref:0 ;
in:725 out:725 type:B dur:2 cpbdur:2 q:27.36 aq:21.90 tex:10089 mv:8477 misc:6266 imb:12 pmb:1833 smb:6315 d:s ref:0 ;
in:724 out:726 type:b dur:2 cpbdur:2 q:27.34 aq:22.10 tex:932 mv:434 misc:1418 imb:2 pmb:183 smb:7975 d:s ref:0 ;
in:726 out:727 type:b dur:2 cpbdur:2 q:27.38 aq:23.46 tex:6950 mv:10771 misc:5055 imb:22 pmb:1374 smb:6764 d:- ref:0 ;
in:731 out:728 type:P dur:2 cpbdur:2 q:27.40 aq:20.08 tex:128438 mv:42145 misc:5641 imb:428 pmb:5849 smb:1883 d:s ref:0 ;
in:729 out:729 type:B dur:2 cpbdur:2 q:27.40 aq:21.57 tex:12879 mv:6723 misc:5918 imb:32 pmb:1688 smb:6440 d:s ref:0 ;
in:728 out:730 type:b dur:2 cpbdur:2 q:27.40 aq:23.20 tex:6326 mv:19279 misc:4187 imb:19 pmb:2179 smb:5962 d:s ref:0 ;
in:730 out:731 type:b dur:2 cpbdur:2 q:27.40 aq:22.54 tex:1402 mv:538 misc:1564 imb:2 pmb:196 smb:7962 d:- ref:0 ;
in:734 out:732 type:P dur:2 cpbdur:2 q:27.35 aq:19.48 tex:236761 mv:56176 misc:3447 imb:1265 pmb:6196 smb:699 d:s ref:0 ;
in:732 out:733 type:B dur:2 cpbdur:2 q:27.39 aq:22.49 tex:15376 mv:16799 misc:6377 imb:59 pmb:2102 smb:5999 d:s ref:0 ;
in:733 out:734 type:b dur:2 cpbdur:2 q:27.37 aq:22.68 tex:8020 mv:10152 misc:5132 imb:57 pmb:1322 smb:6781 d:- ref:0 ;
in:738 out:735 type:P dur:2 cpbdur:2 q:27.35 aq:19.69 tex:131428 mv:42651 misc:5153 imb:579 pmb:6106 smb:1475 d:s ref:0 ;
in:736 out:736 type:B dur:2 cpbdur:2 q:27.35 aq:21.75 tex:23773 mv:14432 misc:7523 imb:47 pmb:2747 smb:5366 d:s ref:0 ;
in:735 out:737 type:b dur:2 cpbdur:2 q:27.35 aq:22.51 tex:4816 mv:4713 misc:4951 imb:16 pmb:1201 smb:6943 d:s ref:0 ;
in:737 out:738 type:b dur:2 cpbdur:2 q:27.35 aq:22.57 tex:2193 mv:2276 misc:3515 imb:1 pmb:715 smb:7444 d:- ref:0 ;
in:742 out:739 type:P dur:2 cpbdur:2 q:27.29 aq:20.20 tex:122621 mv:42411 misc:5440 imb:574 pmb:5862 smb:1724 d:s ref:0 ;
in:740 out:740 type:B dur:2 cpbdur:2 q:27.32 aq:21.60 tex:15211 mv:11845 misc:6672 imb:31 pmb:2041 smb:6088 d:s ref:0 ;
in:739 out:741 type:b dur:2 cpbdur:2 q:27.33 aq:23.49 tex:9918 mv:8604 misc:5614 imb:21 pmb:1505 smb:6634 d:s ref:0 ;
in:741 out:742 type:b dur:2 cpbdur:2 q:27.30 aq:22.87 tex:5975 mv:3850 misc:4863 imb:11 pmb:1105 smb:7044 d:- ref:0 ;
in:746 out:743 type:P dur:2 cpbdur:2 q:27.23 aq:21.93 tex:36714 mv:24192 misc:7814 imb:374 pmb:3340 smb:4446 d:s ref:0 ;
in:744 out:744 type:B dur:2 cpbdur:2 q:27.26 aq:21.32 tex:26602 mv:12439 misc:7143 imb:48 pmb:2456 smb:5656 d:s ref:0 ;
in:743 out:745 type:b dur:2 cpbdur:2 q:27.27 aq:22.70 tex:2089 mv:1654 misc:3289 imb:3 pmb:629 smb:7528 d:s ref:0 ;
in:745 out:746 type:b dur:2 cpbdur:2 q:27.25 aq:22.88 tex:6887 mv:4624 misc:4289 imb:12 pmb:959 smb:7189 d:- ref:0 ;
in:747 out:747 type:P dur:2 cpbdur:2 q:27.14 aq:22.93 tex:14800 mv:11812 misc:6428 imb:198 pmb:1757 smb:6205 d:s ref:0 ;
in:748 out:748 type:I dur:2 cpbdur:2 q:24.42 aq:15.39 tex:475573 mv:155870 misc:797 imb:8160 pmb:0 smb:0 d:s ref:;
in:750 out:749 type:P dur:2 cpbdur:2 q:27.20 aq:17.48 tex:118848 mv:39928 misc:6816 imb:1640 pmb:4061 smb:2459 d:s ref:0 ;
in:749 out:750 type:b dur:2 cpbdur:2 q:27.20 aq:20.00 tex:9006 mv:6031 misc:5131 imb:39 pmb:1200 smb:6921 d:s ref:0 ;
in:754 out:751 type:P dur:2 cpbdur:2 q:27.15 aq:18.19 tex:110977 mv:40376 misc:7063 imb:1723 pmb:3778 smb:2659 d:s ref:0 ;
in:752 out:752 type:B dur:2 cpbdur:2 q:27.18 aq:19.36 tex:23209 mv:15743 misc:7416 imb:123 pmb:2615 smb:5422 d:s ref:0 ;
in:751 out:753 type:b dur:2 cpbdur:2 q:27.19 aq:19.60 tex:5898 mv:2714 misc:4724 imb:17 pmb:1055 smb:7088 d:s ref:0 ;
in:753 out:754 type:b dur:2 cpbdur:2 q:27.16 aq:20.52 tex:14481 mv:10612 misc:6019 imb:82 pmb:1654 smb:6424 d:- ref:0 ;
in:757 out:755 type:P dur:2 cpbdur:2 q:27.16 aq:17.40 tex:165676 mv:50852 misc:5256 imb:2451 pmb:4270 smb:1439 d:s ref:0 ;
in:755 out:756 type:B dur:2 cpbdur:2 q:27.15 aq:19.64 tex:22788 mv:15633 misc:6931 imb:145 pmb:2173 smb:5842 d:t ref:0 ;
in:756 out:757 type:b dur:2 cpbdur:2 q:27.15 aq:20.14 tex:20269 mv:16142 misc:7309 imb:147 pmb:2483 smb:5530 d:- ref:0 ;
in:761 out:758 type:P dur:2 cpbdur:2 q:27.14 aq:18.19 tex:109852 mv:39509 misc:7039 imb:1794 pmb:3735 smb:2631 d:s ref:0 ;
in:759 out:759 type:B dur:2 cpbdur:2 q:27.15 aq:19.21 tex:19772 mv:13521 misc:7171 imb:102 pmb:2358 smb:5700 d:s ref:0 ;
in:758 out:760 type:b dur:2 cpbdur:2 q:27.15 aq:19.02 tex:5211 mv:2284 misc:4265 imb:12 pmb:886 smb:7262 d:s ref:0 ;
in:760 out:761 type:b dur:2 cpbdur:2 q:27.14 aq:20.41 tex:20402 mv:14781 misc:7297 imb:131 pmb:2462 smb:5567 d:- ref:0 ;
in:763 out:762 type:P dur:2 cpbdur:2 q:27.08 aq:17.59 tex:107277 mv:39364 misc:6959 imb:1639 pmb:4056 smb:2465 d:s ref:0 ;
in:762 out:763 type:b dur:2 cpbdur:2 q:27.11 aq:20.60 tex:19231 mv:12581 misc:7100 imb:88 pmb:2285 smb:5787 d:t ref:0 ;
in:767 out:764 type:P dur:2 cpbdur:2 q:27.07 aq:17.95 tex:95134 mv:39496 misc:6938 imb:1885 pmb:3875 smb:2400 d:s ref:0 ;
in:765 out:765 type:B dur:2 cpbdur:2 q:27.07 aq:19.02 tex:30594 mv:17747 misc:7947 imb:185 pmb:3172 smb:4803 d:s ref:0 ;
in:764 out:766 type:b dur:2 cpbdur:2 q:27.08 aq:19.38 tex:5142 mv:2831 misc:4155 imb:12 pmb:872 smb:7276 d:s ref:0 ;
in:766 out:767 type:b dur:2 cpbdur:2 q:27.07 aq:19.66 tex:10338 mv:5475 misc:5147 imb:42 pmb:1207 smb:6911 d:- ref:0 ;
in:771 out:768 type:P dur:2 cpbdur:2 q:27.03 aq:17.88 tex:130464 mv:44285 misc:6683 imb:2169 pmb:3749 smb:2242 d:s ref:0 ;
in:769 out:769 type:B dur:2 cpbdur:2 q:27.05 aq:19.25 tex:33599 mv:18240 misc:7769 imb:169 pmb:3071 smb:4920 d:s ref:0 ;
in:768 out:770 type:b dur:2 cpbdur:2 q:27.06 aq:19.99 tex:22753 mv:13857 misc:6478 imb:125 pmb:2073 smb:5962 d:s ref:0 ;
in:770 out:771 type:b dur:2 cpbdur:2 q:27.04 aq:19.23 tex:6152 mv:3500 misc:4972 imb:12 pmb:1175 smb:6973 d:- ref:0 ;
in:775 out:772 type:P dur:2 cpbdur:2 q:26.97 aq:17.75 tex:121935 mv:46050 misc:6431 imb:2304 pmb:3778 smb:2078 d:s ref:0 ;
in:773 out:773 type:B dur:2 cpbdur:2 q:27.00 aq:18.65 tex:39132 mv:23131 misc:8001 imb:233 pmb:3397 smb:4530 d:t ref:0 ;
in:772 out:774 type:b dur:2 cpbdur:2 q:27.01 aq:19.65 tex:12278 mv:7969 misc:6041 imb:47 pmb:1648 smb:6465 d:s ref:0 ;
in:774 out:775 type:b dur:2 cpbdur:2 q:26.98 aq:20.09 tex:22562 mv:15432 misc:7470 imb:147 pmb:2588 smb:5425 d:- ref:0 ;
in:779 out:776 type:P dur:2 cpbdur:2 q:26.93 aq:17.88 tex:154427 mv:48032 misc:5997 imb:2224 pmb:4058 smb:1878 d:s ref:0 ;
in:777 out:777 type:B dur:2 cpbdur:2 q:26.95 aq:18.49 tex:42954 mv:22245 misc:7945 imb:244 pmb:3334 smb:4582 d:s ref:0 ;
in:776 out:778 type:b dur:2 cpbdur:2 q:26.96 aq:20.06 tex:20543 mv:11517 misc:6772 imb:93 pmb:2073 smb:5994 d:s ref:0 ;
in:778 out:779 type:b dur:2 cpbdur:2 q:26.94 aq:19.13 tex:5951 mv:2463 misc:4450 imb:13 pmb:1013 smb:7134 d:- ref:0 ;
in:783 out:780 type:P dur:2 cpbdur:2 q:26.87 aq:17.14 tex:159311 mv:55494 misc:4459 imb:2830 pmb:4339 smb:991 d:s ref:0 ;
in:781 out:781 type:B dur:2 cpbdur:2 q:26.90 aq:18.82 tex:39509 mv:21383 misc:8052 imb:262 pmb:3219 smb:4679 d:s ref:0 ;
in:780 out:782 type:b dur:2 cpbdur:2 q:26.91 aq:19.80 tex:18504 mv:11863 misc:7033 imb:132 pmb:2220 smb:5808 d:s ref:0 ;
in:782 out:783 type:b dur:2 cpbdur:2 q:26.89 aq:20.21 tex:15936 mv:11223 misc:6281 imb:107 pmb:1799 smb:6254 d:- ref:0 ;
in:787 out:784 type:P dur:2 cpbdur:2 q:26.87 aq:17.65 tex:129462 mv:43234 misc:6536 imb:2032 pmb:3992 smb:2136 d:s ref:0 ;
in:785 out:785 type:B dur:2 cpbdur:2 q:26.87 aq:19.22 tex:31162 mv:18005 misc:7617 imb:169 pmb:2889 smb:5102 d:s ref:0 ;
in:784 out:786 type:b dur:2 cpbdur:2 q:26.87 aq:19.12 tex:7052 mv:3146 misc:5106 imb:12 pmb:1223 smb:6925 d:s ref:0 ;
in:786 out:787 type:b dur:2 cpbdur:2 q:26.87 aq:19.89 tex:14258 mv:7058 misc:6100 imb:78 pmb:1629 smb:6453 d:- ref:0 ;
in:790 out:788 type:P dur:2 cpbdur:2 q:26.82 aq:17.44 tex:140477 mv:45382 misc:6053 imb:2096 pmb:4242 smb:1822 d:s ref:0 ;
in:788 out:789 type:B dur:2 cpbdur:2 q:26.86 aq:19.23 tex:26134 mv:12873 misc:6977 imb:134 pmb:2183 smb:5843 d:s ref:0 ;
in:789 out:790 type:b dur:2 cpbdur:2 q:26.84 aq:19.93 tex:13616 mv:8397 misc:5667 imb:62 pmb:1467 smb:6631 d:- ref:0 ;
in:794 out:791 type:P dur:2 cpbdur:2 q:26.80 aq:17.82 tex:102376 mv:45358 misc:6538 imb:2266 pmb:3849 smb:2045 d:s ref:0 ;
in:792 out:792 type:B dur:2 cpbdur:2 q:26.81 aq:19.11 tex:22986 mv:15530 misc:7276 imb:144 pmb:2334 smb:5682 d:s ref:0 ;
in:791 out:793 type:b dur:2 cpbdur:2 q:26.82 aq:19.43 tex:7607 mv:4854 misc:6171 imb:16 pmb:1746 smb:6398 d:s ref:0 ;
in:793 out:794 type:b dur:2 cpbdur:2 q:26.81 aq:19.89 tex:16310 mv:12420 misc:7254 imb:83 pmb:2353 smb:5724 d:- ref:0 ;
in:797 out:795 type:P dur:2 cpbdur:2 q:26.75 aq:17.49 tex:132501 mv:50576 misc:5395 imb:2446 pmb:4279 smb:1435 d:s ref:0 ;
in:795 out:796 type:B dur:2 cpbdur:2 q:26.79 aq:19.25 tex:27002 mv:18566 misc:7336 imb:242 pmb:2496 smb:5422 d:s ref:0 ;
in:796 out:797 type:b dur:2 cpbdur:2 q:26.77 aq:19.79 tex:21550 mv:15503 misc:7275 imb:166 pmb:2529 smb:5465 d:- ref:0 ;
in:801 out:798 type:P dur:2 cpbdur:2 q:26.72 aq:19.12 tex:66379 mv:35719 misc:7526 imb:1792 pmb:3312 smb:3056 d:s ref:0 ;
in:799 out:799 type:B dur:2 cpbdur:2 q:26.74 aq:19.12 tex:32881 mv:18227 misc:7740 imb:177 pmb:3069 smb:4914 d:s ref:0 ;
in:798 out:800 type:b dur:2 cpbdur:2 q:26.74 aq:18.90 tex:9157 mv:4357 misc:5758 imb:20 pmb:1492 smb:6648 d:s ref:0 ;
in:800 out:801 type:b dur:2 cpbdur:2 q:26.73 aq:20.39 tex:17340 mv:9229 misc:6679 imb:86 pmb:1934 smb:6140 d:- ref:0 ;
in:802 out:802 type:P dur:2 cpbdur:2 q:26.64 aq:19.85 tex:50400 mv:28501 misc:7251 imb:1739 pmb:2742 smb:3679 d:s ref:0 ;
in:803 out:803 type:I dur:2 cpbdur:2 q:23.97 aq:15.26 tex:871460 mv:278933 misc:727 imb:8160 pmb:0 smb:0 d:s ref:;
in:806 out:804 type:P dur:2 cpbdur:2 q:26.91 aq:19.32 tex:43266 mv:9581 misc:5753 imb:232 pmb:1530 smb:6398 d:s ref:0 ;
in:804 out:805 type:B dur:2 cpbdur:2 q:26.91 aq:20.73 tex:300 mv:129 misc:675 imb:0 pmb:68 smb:8092 d:s ref:0 ;
in:805 out:806 type:b dur:2 cpbdur:2 q:26.91 aq:21.91 tex:3399 mv:1342 misc:1347 imb:17 pmb:223 smb:7920 d:- ref:0 ;
in:810 out:807 type:P dur:2 cpbdur:2 q:26.85 aq:18.79 tex:298243 mv:59145 misc:3052 imb:2018 pmb:5358 smb:784 d:s ref:0 ;
in:808 out:808 type:B dur:2 cpbdur:2 q:26.88 aq:21.10 tex:37555 mv:29346 misc:7531 imb:306 pmb:3181 smb:4673 d:s ref:0 ;
in:807 out:809 type:b dur:2 cpbdur:2 q:26.89 aq:21.86 tex:24701 mv:24548 misc:6599 imb:264 pmb:2274 smb:5622 d:s ref:0 ;
in:809 out:810 type:b dur:2 cpbdur:2 q:26.87 aq:22.15 tex:6978 mv:6236 misc:5354 imb:33 pmb:1355 smb:6772 d:- ref:0 ;
in:814 out:811 type:P dur:2 cpbdur:2 q:26.91 aq:18.88 tex:350678 mv:63059 misc:2159 imb:2368 pmb:5401 smb:391 d:s ref:0 ;
in:812 out:812 type:B dur:2 cpbdur:2 q:26.88 aq:20.93 tex:54755 mv:34651 misc:7730 imb:259 pmb:4085 smb:3816 d:s ref:0 ;
in:811 out:813 type:b dur:2 cpbdur:2 q:26.87 aq:20.58 tex:3053 mv:3659 misc:4296 imb:2 pmb:1059 smb:7099 d:s ref:0 ;
in:813 out:814 type:b dur:2 cpbdur:2 q:26.89 aq:21.19 tex:10885 mv:9034 misc:6585 imb:33 pmb:2113 smb:6014 d:- ref:0 ;
in:817 out:815 type:P dur:2 cpbdur:2 q:26.95 aq:18.73 tex:267812 mv:52283 misc:3473 imb:1080 pmb:6089 smb:991 d:s ref:0 ;
in:815 out:816 type:B dur:2 cpbdur:2 q:26.92 aq:21.29 tex:28536 mv:21980 misc:6980 imb:102 pmb:2705 smb:5353 d:s ref:0 ;
in:816 out:817 type:b dur:2 cpbdur:2 q:26.93 aq:21.70 tex:6606 mv:5205 misc:5157 imb:24 pmb:1269 smb:6867 d:- ref:0 ;
in:821 out:818 type:P dur:2 cpbdur:2 q:27.00 aq:18.57 tex:323105 mv:56999 misc:3352 imb:1187 pmb:5978 smb:995 d:s ref:0 ;
in:819 out:819 type:B dur:2 cpbdur:2 q:26.98 aq:21.91 tex:23369 mv:24611 misc:7092 imb:89 pmb:2681 smb:5390 d:s ref:0 ;
in:818 out:820 type:b dur:2 cpbdur:2 q:26.96 aq:21.21 tex:2046 mv:1620 misc:3222 imb:5 pmb:702 smb:7453 d:s ref:0 ;
in:820 out:821 type:b dur:2 cpbdur:2 q:26.99 aq:22.84 tex:13492 mv:17171 misc:6345 imb:34 pmb:2151 smb:5975 d:- ref:0 ;
in:825 out:822 type:P dur:2 cpbdur:2 q:27.03 aq:18.91 tex:221088 mv:47670 misc:4450 imb:839 pmb:5801 smb:1520 d:s ref:0 ;
in:823 out:823 type:B dur:2 cpbdur:2 q:27.02 aq:20.94 tex:25082 mv:19907 misc:7507 imb:71 pmb:2933 smb:5156 d:s ref:0 ;
in:822 out:824 type:b dur:2 cpbdur:2 q:27.01 aq:21.38 tex:4275 mv:4062 misc:4759 imb:6 pmb:1151 smb:7003 d:s ref:0 ;
in:824 out:825 type:b dur:2 cpbdur:2 q:27.02 aq:22.27 tex:2774 mv:2362 misc:3496 imb:5 pmb:732 smb:7423 d:- ref:0 ;
in:827 out:826 type:P dur:2 cpbdur:2 q:27.06 aq:18.84 tex:171062 mv:37567 misc:5283 imb:484 pmb:5575 smb:2101 d:s ref:0 ;
in:826 out:827 type:b dur:2 cpbdur:2 q:27.05 aq:22.07 tex:5489 mv:5548 misc:3595 imb:16 pmb:819 smb:7325 d:t ref:0 ;
in:831 out:828 type:P dur:2 cpbdur:2 q:27.08 aq:19.41 tex:115666 mv:34180 misc:5522 imb:483 pmb:5238 smb:2439 d:s ref:0 ;
in:829 out:829 type:B dur:2 cpbdur:2 q:27.07 aq:21.41 tex:12714 mv:8697 misc:6165 imb:29 pmb:1739 smb:6392 d:s ref:0 ;
in:828 out:830 type:b dur:2 cpbdur:2 q:27.07 aq:22.24 tex:3129 mv:2560 misc:3007 imb:6 pmb:618 smb:7536 d:s ref:0 ;
in:830 out:831 type:b dur:2 cpbdur:2 q:27.07 aq:21.64 tex:2649 mv:1969 misc:3054 imb:3 pmb:568 smb:7589 d:- ref:0 ;
in:835 out:832 type:P dur:2 cpbdur:2 q:26.97 aq:18.78 tex:207530 mv:53085 misc:3105 imb:1658 pmb:5786 smb:716 d:s ref:0 ;
in:833 out:833 type:B dur:2 cpbdur:2 q:27.02 aq:20.64 tex:49616 mv:25690 misc:7878 imb:111 pmb:4207 smb:3842 d:s ref:0 ;
in:832 out:834 type:b dur:2 cpbdur:2 q:27.05 aq:21.57 tex:10341 mv:7038 misc:6013 imb:59 pmb:1666 smb:6435 d:s ref:0 ;
in:834 out:835 type:b dur:2 cpbdur:2 q:26.99 aq:22.55 tex:5788 mv:3956 misc:4616 imb:16 pmb:1110 smb:7034 d:- ref:0 ;
in:839 out:836 type:P dur:2 cpbdur:2 q:26.91 aq:19.23 tex:224448 mv:52104 misc:4144 imb:945 pmb:5792 smb:1423 d:s ref:0 ;
in:837 out:837 type:B dur:2 cpbdur:2 q:26.94 aq:21.11 tex:45553 mv:29209 misc:7646 imb:92 pmb:3809 smb:4259 d:s ref:0 ;
in:836 out:838 type:b dur:2 cpbdur:2 q:26.95 aq:23.01 tex:16200 mv:16467 misc:6477 imb:46 pmb:2147 smb:5967 d:s ref:0 ;
in:838 out:839 type:b dur:2 cpbdur:2 q:26.92 aq:22.23 tex:2446 mv:2498 misc:4224 imb:2 pmb:1012 smb:7146 d:- ref:0 ;
in:843 out:840 type:P dur:2 cpbdur:2 q:26.90 aq:18.96 tex:372327 mv:63915 misc:3182 imb:1853 pmb:5227 smb:1080 d:s ref:0 ;
in:841 out:841 type:B dur:2 cpbdur:2 q:26.90 aq:22.01 tex:56858 mv:41311 misc:7367 imb:264 pmb:3919 smb:3977 d:s ref:0 ;
in:840 out:842 type:b dur:2 cpbdur:2 q:26.90 aq:22.26 tex:7824 mv:8659 misc:5581 imb:25 pmb:1632 smb:6503 d:s ref:0 ;
in:842 out:843 type:b dur:2 cpbdur:2 q:26.90 aq:23.06 tex:23063 mv:22758 misc:6715 imb:131 pmb:2430 smb:5599 d:- ref:0 ;
in:847 out:844 type:P dur:2 cpbdur:2 q:26.98 aq:19.62 tex:256937 mv:53822 misc:4001 imb:1148 pmb:5317 smb:1695 d:s ref:0 ;
in:845 out:845 type:B dur:2 cpbdur:2 q:26.94 aq:21.41 tex:46491 mv:30315 misc:7290 imb:140 pmb:3466 smb:4554 d:s ref:0 ;
in:844 out:846 type:b dur:2 cpbdur:2 q:26.92 aq:21.71 tex:3141 mv:3801 misc:4482 imb:3 pmb:1085 smb:7072 d:s ref:0 ;
in:846 out:847 type:b dur:2 cpbdur:2 q:26.96 aq:22.20 tex:6641 mv:6014 misc:5137 imb:26 pmb:1343 smb:6791 d:- ref:0 ;
in:850 out:848 type:P dur:2 cpbdur:2 q:26.97 aq:18.21 tex:422927 mv:63359 misc:1962 imb:2145 pmb:5654 smb:361 d:s ref:0 ;
in:848 out:849 type:B dur:2 cpbdur:2 q:26.98 aq:21.82 tex:16548 mv:16929 misc:6291 imb:85 pmb:1901 smb:6174 d:s ref:0 ;
in:849 out:850 type:b dur:2 cpbdur:2 q:26.97 aq:22.20 tex:13240 mv:14702 misc:6778 imb:70 pmb:2189 smb:5901 d:- ref:0 ;
in:854 out:851 type:P dur:2 cpbdur:2 q:27.05 aq:18.83 tex:214975 mv:50089 misc:4336 imb:815 pmb:5842 smb:1503 d:s ref:0 ;
in:852 out:852 type:B dur:2 cpbdur:2 q:27.01 aq:21.05 tex:8492 mv:5693 misc:5591 imb:20 pmb:1526 smb:6614 d:s ref:0 ;
in:851 out:853 type:b dur:2 cpbdur:2 q:26.99 aq:20.90 tex:1291 mv:466 misc:1571 imb:2 pmb:198 smb:7960 d:s ref:0 ;
in:853 out:854 type:b dur:2 cpbdur:2 q:27.03 aq:22.52 tex:9514 mv:15421 misc:5681 imb:48 pmb:1653 smb:6459 d:- ref:0 ;
in:857 out:855 type:P dur:2 cpbdur:2 q:27.06 aq:18.75 tex:188241 mv:43541 misc:4938 imb:616 pmb:5736 smb:1808 d:s ref:0 ;
in:855 out:856 type:B dur:2 cpbdur:2 q:27.06 aq:21.99 tex:11755 mv:10204 misc:5281 imb:36 pmb:1404 smb:6720 d:s ref:0 ;
in:856 out:857 type:b dur:2 cpbdur:2 q:27.06 aq:22.46 tex:5355 mv:4414 misc:4743 imb:14 pmb:1125 smb:7021 d:- ref:0 ;
in:861 out:858 type:P dur:2 cpbdur:2 q:27.04 aq:19.11 tex:175845 mv:45545 misc:4762 imb:768 pmb:5621 smb:1771 d:s ref:0 ;
in:859 out:859 type:B dur:2 cpbdur:2 q:27.05 aq:21.45 tex:17005 mv:14488 misc:6539 imb:57 pmb:2023 smb:6080 d:s ref:0 ;
in:858 out:860 type:b dur:2 cpbdur:2 q:27.06 aq:22.61 tex:2923 mv:2609 misc:3748 imb:3 pmb:773 smb:7384 d:s ref:0 ;
in:860 out:861 type:b dur:2 cpbdur:2 q:27.05 aq:22.91 tex:11572 mv:9390 misc:5534 imb:38 pmb:1550 smb:6572 d:- ref:0 ;
in:863 out:862 type:P dur:2 cpbdur:2 q:26.99 aq:18.74 tex:155838 mv:38766 misc:5020 imb:446 pmb:5594 smb:2120 d:s ref:0 ;
in:862 out:863 type:b dur:2 cpbdur:2 q:27.02 aq:22.08 tex:6140 mv:4242 misc:5050 imb:10 pmb:1244 smb:6906 d:s ref:0 ;
in:867 out:864 type:P dur:2 cpbdur:2 q:26.99 aq:18.39 tex:340341 mv:58211 misc:2616 imb:1757 pmb:5860 smb:543 d:s ref:0 ;
in:865 out:865 type:B dur:2 cpbdur:2 q:26.99 aq:21.53 tex:38258 mv:20883 misc:7483 imb:193 pmb:2930 smb:5037 d:s ref:0 ;
in:864 out:866 type:b dur:2 cpbdur:2 q:26.99 aq:21.54 tex:2869 mv:2884 misc:3807 imb:1 pmb:857 smb:7302 d:s ref:0 ;
in:866 out:867 type:b dur:2 cpbdur:2 q:26.99 aq:21.94 tex:13714 mv:10772 misc:5282 imb:75 pmb:1575 smb:6510 d:- ref:0 ;
in:871 out:868 type:P dur:2 cpbdur:2 q:26.99 aq:18.90 tex:155228 mv:38667 misc:5481 imb:640 pmb:5655 smb:1865 d:s ref:0 ;
in:869 out:869 type:B dur:2 cpbdur:2 q:26.99 aq:21.30 tex:21020 mv:13838 misc:7014 imb:73 pmb:2478 smb:5609 d:s ref:0 ;
in:868 out:870 type:b dur:2 cpbdur:2 q:26.99 aq:22.05 tex:6950 mv:4589 misc:4309 imb:33 pmb:1017 smb:7110 d:s ref:0 ;
in:870 out:871 type:b dur:2 cpbdur:2 q:26.99 aq:21.92 tex:2227 mv:1328 misc:2629 imb:4 pmb:505 smb:7651 d:- ref:0 ;
in:875 out:872 type:P dur:2 cpbdur:2 q:26.98 aq:19.60 tex:124897 mv:38511 misc:6016 imb:639 pmb:5367 smb:2154 d:s ref:0 ;
in:873 out:873 type:B dur:2 cpbdur:2 q:26.99 aq:21.02 tex:15012 mv:9332 misc:5752 imb:45 pmb:1624 smb:6491 d:s ref:0 ;
in:872 out:874 type:b dur:2 cpbdur:2 q:26.99 aq:22.96 tex:7891 mv:7419 misc:4762 imb:23 pmb:1236 smb:6901 d:s ref:0 ;
in:874 out:875 type:b dur:2 cpbdur:2 q:26.98 aq:22.59 tex:6335 mv:3853 misc:4764 imb:11 pmb:1101 smb:7048 d:- ref:0 ;
in:877 out:876 type:P dur:2 cpbdur:2 q:26.92 aq:19.41 tex:160385 mv:46460 misc:4811 imb:669 pmb:5549 smb:1942 d:s ref:0 ;
in:876 out:877 type:b dur:2 cpbdur:2 q:26.95 aq:23.10 tex:14531 mv:17107 misc:6082 imb:35 pmb:2063 smb:6062 d:s ref:0 ;
in:881 out:878 type:P dur:2 cpbdur:2 q:26.91 aq:20.27 tex:247122 mv:58838 misc:4064 imb:1450 pmb:5055 smb:1655 d:s ref:0 ;
in:879 out:879 type:B dur:2 cpbdur:2 q:26.92 aq:22.84 tex:33810 mv:31995 misc:7563 imb:159 pmb:3387 smb:4614 d:s ref:0 ;
in:878 out:880 type:b dur:2 cpbdur:2 q:26.92 aq:21.51 tex:3102 mv:3425 misc:4825 imb:6 pmb:1249 smb:6905 d:s ref:0 ;
in:880 out:881 type:b dur:2 cpbdur:2 q:26.92 aq:22.06 tex:5029 mv:3341 misc:3742 imb:10 pmb:933 smb:7217 d:- ref:0 ;
in:883 out:882 type:P dur:2 cpbdur:2 q:26.90 aq:19.25 tex:330866 mv:58754 misc:3092 imb:1848 pmb:4884 smb:1428 d:s ref:0 ;
in:882 out:883 type:b dur:2 cpbdur:2 q:26.91 aq:22.69 tex:25936 mv:28078 misc:6834 imb:191 pmb:2732 smb:5237 d:s ref:0 ;
in:887 out:884 type:P dur:2 cpbdur:2 q:26.95 aq:19.53 tex:221657 mv:59591 misc:3064 imb:1852 pmb:5587 smb:721 d:s ref:0 ;
in:885 out:885 type:B dur:2 cpbdur:2 q:26.92 aq:21.98 tex:27653 mv:24297 misc:7514 imb:191 pmb:3054 smb:4915 d:s ref:0 ;
in:884 out:886 type:b dur:2 cpbdur:2 q:26.91 aq:20.71 tex:4223 mv:3441 misc:5032 imb:4 pmb:1337 smb:6819 d:s ref:0 ;
in:886 out:887 type:b dur:2 cpbdur:2 q:26.94 aq:22.06 tex:7663 mv:4910 misc:5499 imb:30 pmb:1448 smb:6682 d:- ref:0 ;
in:890 out:888 type:P dur:2 cpbdur:2 q:26.95 aq:19.24 tex:281305 mv:61065 misc:3702 imb:1651 pmb:5227 smb:1282 d:s ref:0 ;
in:888 out:889 type:B dur:2 cpbdur:2 q:26.95 aq:22.04 tex:32043 mv:27099 misc:7330 imb:122 pmb:3000 smb:5038 d:s ref:0 ;
in:889 out:890 type:b dur:2 cpbdur:2 q:26.95 aq:22.91 tex:28664 mv:28821 misc:6587 imb:169 pmb:2715 smb:5276 d:- ref:0 ;
in:894 out:891 type:P dur:2 cpbdur:2 q:27.01 aq:18.95 tex:344539 mv:62005 misc:3416 imb:1703 pmb:4946 smb:1511 d:s ref:0 ;
in:892 out:892 type:B dur:2 cpbdur:2 q:26.98 aq:21.40 tex:50390 mv:33597 misc:7173 imb:133 pmb:3851 smb:4176 d:s ref:0 ;
in:891 out:893 type:b dur:2 cpbdur:2 q:26.96 aq:21.76 tex:1523 mv:1410 misc:2435 imb:2 pmb:531 smb:7627 d:s ref:0 ;
in:893 out:894 type:b dur:2 cpbdur:2 q:26.99 aq:21.79 tex:5174 mv:4403 misc:4975 imb:9 pmb:1299 smb:6852 d:- ref:0 ;
in:897 out:895 type:P dur:2 cpbdur:2 q:27.03 aq:18.43 tex:291178 mv:52125 misc:3225 imb:914 pmb:5868 smb:1378 d:s ref:0 ;
in:895 out:896 type:B dur:2 cpbdur:2 q:27.01 aq:21.80 tex:16591 mv:18943 misc:6698 imb:29 pmb:2326 smb:5805 d:s ref:0 ;
in:896 out:897 type:b dur:2 cpbdur:2 q:27.02 aq:22.51 tex:10004 mv:13607 misc:5477 imb:38 pmb:1570 smb:6552 d:- ref:0 ;
in:901 out:898 type:P dur:2 cpbdur:2 q:27.09 aq:19.23 tex:139076 mv:40162 misc:5338 imb:556 pmb:5442 smb:2162 d:s ref:0 ;
in:899 out:899 type:B dur:2 cpbdur:2 q:27.06 aq:20.73 tex:8443 mv:6633 misc:6044 imb:21 pmb:1715 smb:6424 d:s ref:0 ;
in:898 out:900 type:b dur:2 cpbdur:2 q:27.04 aq:21.20 tex:1266 mv:417 misc:1397 imb:2 pmb:169 smb:7989 d:s ref:0 ;
in:900 out:901 type:b dur:2 cpbdur:2 q:27.08 aq:22.30 tex:9187 mv:9607 misc:5470 imb:31 pmb:1421 smb:6708 d:- ref:0 ;
in:903 out:902 type:P dur:2 cpbdur:2 q:27.05 aq:17.91 tex:307712 mv:54034 misc:2494 imb:1618 pmb:6068 smb:474 d:s ref:0 ;
in:902 out:903 type:b dur:2 cpbdur:2 q:27.07 aq:21.25 tex:10083 mv:8279 misc:5982 imb:53 pmb:1742 smb:6365 d:s ref:0 ;
in:907 out:904 type:P dur:2 cpbdur:2 q:27.07 aq:18.50 tex:145367 mv:38417 misc:5632 imb:552 pmb:5581 smb:2027 d:s ref:0 ;
in:905 out:905 type:B dur:2 cpbdur:2 q:27.06 aq:21.03 tex:11339 mv:5679 misc:5582 imb:24 pmb:1479 smb:6657 d:s ref:0 ;
in:904 out:906 type:b dur:2 cpbdur:2 q:27.05 aq:21.84 tex:1848 mv:676 misc:1820 imb:1 pmb:264 smb:7895 d:s ref:0 ;
in:906 out:907 type:b dur:2 cpbdur:2 q:27.07 aq:22.67 tex:6918 mv:5862 misc:3076 imb:39 pmb:690 smb:7431 d:- ref:0 ;
in:911 out:908 type:P dur:2 cpbdur:2 q:27.03 aq:18.64 tex:131878 mv:37496 misc:5794 imb:595 pmb:5585 smb:1980 d:s ref:0 ;
in:909 out:909 type:B dur:2 cpbdur:2 q:27.05 aq:20.85 tex:14109 mv:6495 misc:6460 imb:32 pmb:1893 smb:6235 d:s ref:0 ;
in:908 out:910 type:b dur:2 cpbdur:2 q:27.06 aq:22.11 tex:5879 mv:4738 misc:3855 imb:21 pmb:877 smb:7262 d:s ref:0 ;
in:910 out:911 type:b dur:2 cpbdur:2 q:27.04 aq:21.60 tex:1377 mv:504 misc:1623 imb:4 pmb:216 smb:7940 d:- ref:0 ;
in:915 out:912 type:P dur:2 cpbdur:2 q:26.98 aq:19.32 tex:92493 mv:33595 misc:6672 imb:503 pmb:5118 smb:2539 d:s ref:0 ;
in:913 out:913 type:B dur:2 cpbdur:2 q:27.01 aq:20.97 tex:17991 mv:8327 misc:6538 imb:24 pmb:1988 smb:6148 d:s ref:0 ;
in:912 out:914 type:b dur:2 cpbdur:2 q:27.02 aq:23.00 tex:5906 mv:3405 misc:4369 imb:10 pmb:937 smb:7213 d:s ref:0 ;
in:914 out:915 type:b dur:2 cpbdur:2 q:26.99 aq:22.23 tex:5288 mv:3727 misc:3665 imb:15 pmb:764 smb:7381 d:- ref:0 ;
in:919 out:916 type:P dur:2 cpbdur:2 q:26.90 aq:21.14 tex:49659 mv:25602 misc:7555 imb:391 pmb:3423 smb:4346 d:s ref:0 ;
in:917 out:917 type:B dur:2 cpbdur:2 q:26.94 aq:20.90 tex:23324 mv:11244 misc:6904 imb:60 pmb:2211 smb:5889 d:s ref:0 ;
in:916 out:918 type:b dur:2 cpbdur:2 q:26.96 aq:22.72 tex:7248 mv:4117 misc:4843 imb:12 pmb:1121 smb:7027 d:s ref:0 ;
in:918 out:919 type:b dur:2 cpbdur:2 q:26.92 aq:22.15 tex:2245 mv:1800 misc:3275 imb:5 pmb:645 smb:7510 d:- ref:0 ;
in:923 out:920 type:P dur:2 cpbdur:2 q:26.80 aq:19.56 tex:411001 mv:81765 misc:1226 imb:3018 pmb:4991 smb:151 d:s ref:0 ;
in:921 out:921 type:B dur:2 cpbdur:2 q:26.85 aq:21.73 tex:90023 mv:53946 misc:6895 imb:424 pmb:4904 smb:2832 d:s ref:0 ;
in:920 out:922 type:b dur:2 cpbdur:2 q:26.87 aq:22.28 tex:36625 mv:53587 misc:7732 imb:394 pmb:4642 smb:3124 d:s ref:0 ;
in:922 out:923 type:b dur:2 cpbdur:2 q:26.82 aq:23.00 tex:24566 mv:24825 misc:6841 imb:78 pmb:2701 smb:5381 d:- ref:0 ;
in:927 out:924 type:P dur:2 cpbdur:2 q:26.81 aq:19.94 tex:330655 mv:67326 misc:3371 imb:2115 pmb:4957 smb:1088 d:s ref:0 ;
in:925 out:925 type:B dur:2 cpbdur:2 q:26.80 aq:22.70 tex:45821 mv:42108 misc:7415 imb:215 pmb:3699 smb:4246 d:s ref:0 ;
in:924 out:926 type:b dur:2 cpbdur:2 q:26.80 aq:20.61 tex:3213 mv:2419 misc:3640 imb:8 pmb:884 smb:7268 d:s ref:0 ;
in:926 out:927 type:b dur:2 cpbdur:2 q:26.81 aq:21.96 tex:10762 mv:7498 misc:5236 imb:54 pmb:1483 smb:6623 d:- ref:0 ;
in:930 out:928 type:P dur:2 cpbdur:2 q:26.90 aq:19.11 tex:360843 mv:63501 misc:2672 imb:1738 pmb:5542 smb:880 d:s ref:0 ;
in:928 out:929 type:B dur:2 cpbdur:2 q:26.84 aq:22.40 tex:40546 mv:37166 misc:7280 imb:200 pmb:3450 smb:4510 d:s ref:0 ;
in:929 out:930 type:b dur:2 cpbdur:2 q:26.87 aq:23.02 tex:24000 mv:28016 misc:7176 imb:95 pmb:3035 smb:5030 d:- ref:0 ;
in:934 out:931 type:P dur:2 cpbdur:2 q:26.99 aq:19.95 tex:195359 mv:53358 misc:4707 imb:807 pmb:5702 smb:1651 d:s ref:0 ;
in:932 out:932 type:B dur:2 cpbdur:2 q:26.94 aq:21.82 tex:41021 mv:34364 misc:7191 imb:100 pmb:3745 smb:4315 d:s ref:0 ;
in:931 out:933 type:b dur:2 cpbdur:2 q:26.92 aq:20.67 tex:2758 mv:2448 misc:4066 imb:5 pmb:970 smb:7185 d:s ref:0 ;
in:933 out:934 type:b dur:2 cpbdur:2 q:26.97 aq:22.55 tex:8307 mv:7833 misc:5780 imb:30 pmb:1587 smb:6543 d:- ref:0 ;
in:937 out:935 type:P dur:2 cpbdur:2 q:26.99 aq:18.39 tex:405839 mv:67594 misc:1863 imb:2150 pmb:5647 smb:363 d:s ref:0 ;
in:935 out:936 type:B dur:2 cpbdur:2 q:26.99 aq:22.44 tex:30603 mv:29627 misc:7050 imb:159 pmb:2868 smb:5133 d:s ref:0 ;
in:936 out:937 type:b dur:2 cpbdur:2 q:26.99 aq:22.00 tex:12941 mv:15551 misc:6996 imb:63 pmb:2330 smb:5767 d:- ref:0 ;
in:940 out:938 type:P dur:2 cpbdur:2 q:27.06 aq:19.03 tex:130792 mv:34303 misc:5705 imb:323 pmb:5642 smb:2195 d:s ref:0 ;
in:938 out:939 type:B dur:2 cpbdur:2 q:27.01 aq:21.36 tex:3012 mv:1952 misc:3276 imb:0 pmb:645 smb:7515 d:s ref:0 ;
in:939 out:940 type:b dur:2 cpbdur:2 q:27.04 aq:21.86 tex:3354 mv:3185 misc:3509 imb:11 pmb:715 smb:7434 d:- ref:0 ;
in:944 out:941 type:P dur:2 cpbdur:2 q:27.06 aq:19.06 tex:151487 mv:44787 misc:5190 imb:642 pmb:5883 smb:1635 d:s ref:0 ;
in:942 out:942 type:B dur:2 cpbdur:2 q:27.06 aq:21.70 tex:17986 mv:16301 misc:7361 imb:34 pmb:2575 smb:5551 d:s ref:0 ;
in:941 out:943 type:b dur:2 cpbdur:2 q:27.06 aq:22.21 tex:7193 mv:9924 misc:5179 imb:24 pmb:1447 smb:6689 d:s ref:0 ;
in:943 out:944 type:b dur:2 cpbdur:2 q:27.06 aq:21.82 tex:2847 mv:2691 misc:4358 imb:7 pmb:988 smb:7165 d:- ref:0 ;
in:948 out:945 type:P dur:2 cpbdur:2 q:27.01 aq:19.30 tex:157628 mv:49216 misc:4508 imb:800 pmb:5943 smb:1417 d:s ref:0 ;
in:946 out:946 type:B dur:2 cpbdur:2 q:27.03 aq:21.54 tex:18601 mv:18094 misc:6897 imb:70 pmb:2276 smb:5814 d:s ref:0 ;
in:945 out:947 type:b dur:2 cpbdur:2 q:27.05 aq:22.39 tex:8950 mv:6924 misc:5782 imb:8 pmb:1553 smb:6599 d:s ref:0 ;
in:947 out:948 type:b dur:2 cpbdur:2 q:27.02 aq:22.80 tex:17008 mv:16008 misc:7040 imb:45 pmb:2446 smb:5669 d:- ref:0 ;
in:950 out:949 type:P dur:2 cpbdur:2 q:26.95 aq:19.33 tex:97120 mv:34382 misc:6370 imb:314 pmb:5478 smb:2368 d:s ref:0 ;
in:949 out:950 type:b dur:2 cpbdur:2 q:26.98 aq:22.41 tex:8339 mv:4414 misc:5527 imb:16 pmb:1357 smb:6787 d:s ref:0 ;
in:954 out:951 type:P dur:2 cpbdur:2 q:26.94 aq:19.94 tex:137172 mv:53175 misc:4381 imb:1420 pmb:5644 smb:1096 d:s ref:0 ;
in:952 out:952 type:B dur:2 cpbdur:2 q:26.94 aq:21.46 tex:30082 mv:22324 misc:8258 imb:118 pmb:3671 smb:4371 d:s ref:0 ;
in:951 out:953 type:b dur:2 cpbdur:2 q:26.95 aq:21.61 tex:3735 mv:2986 misc:4799 imb:3 pmb:1120 smb:7037 d:s ref:0 ;
in:953 out:954 type:b dur:2 cpbdur:2 q:26.94 aq:22.21 tex:18351 mv:16704 misc:7041 imb:96 pmb:2406 smb:5658 d:- ref:0 ;
in:958 out:955 type:P dur:2 cpbdur:2 q:26.89 aq:21.64 tex:114520 mv:52235 misc:5805 imb:1211 pmb:4895 smb:2054 d:s ref:0 ;
in:956 out:956 type:B dur:2 cpbdur:2 q:26.91 aq:21.72 tex:56390 mv:36254 misc:7636 imb:203 pmb:4444 smb:3513 d:s ref:0 ;
in:955 out:957 type:b dur:2 cpbdur:2 q:26.92 aq:22.52 tex:10727 mv:8601 misc:6320 imb:24 pmb:1943 smb:6193 d:s ref:0 ;
in:957 out:958 type:b dur:2 cpbdur:2 q:26.90 aq:22.34 tex:6649 mv:6095 misc:5520 imb:6 pmb:1592 smb:6562 d:- ref:0 ;
in:959 out:959 type:P dur:2 cpbdur:2 q:26.85 aq:22.35 tex:76358 mv:36520 misc:6738 imb:556 pmb:3998 smb:3606 d:s ref:0 ;
in:960 out:960 type:I dur:2 cpbdur:2 q:24.04 aq:15.96 tex:769205 mv:246866 misc:737 imb:8160 pmb:0 smb:0 d:s ref:;
in:964 out:961 type:P dur:2 cpbdur:2 q:27.05 aq:18.84 tex:213897 mv:52502 misc:4905 imb:1463 pmb:5204 smb:1493 d:s ref:0 ;
in:962 out:962 type:B dur:2 cpbdur:2 q:27.05 aq:20.79 tex:43282 mv:30580 misc:7650 imb:241 pmb:3371 smb:4548 d:s ref:0 ;
in:961 out:963 type:b dur:2 cpbdur:2 q:27.05 aq:21.51 tex:6753 mv:7278 misc:5481 imb:37 pmb:1489 smb:6634 d:s ref:0 ;
in:963 out:964 type:b dur:2 cpbdur:2 q:27.05 aq:21.27 tex:3665 mv:2727 misc:4440 imb:11 pmb:1055 smb:7094 d:- ref:0 ;
in:968 out:965 type:P dur:2 cpbdur:2 q:27.02 aq:18.67 tex:301731 mv:55574 misc:4151 imb:1494 pmb:5475 smb:1191 d:s ref:0 ;
in:966 out:966 type:B dur:2 cpbdur:2 q:27.03 aq:20.70 tex:32117 mv:22115 misc:7840 imb:144 pmb:3232 smb:4784 d:s ref:0 ;
in:965 out:967 type:b dur:2 cpbdur:2 q:27.04 aq:22.25 tex:20126 mv:22162 misc:7248 imb:121 pmb:2761 smb:5278 d:s ref:0 ;
in:967 out:968 type:b dur:2 cpbdur:2 q:27.03 aq:21.55 tex:5836 mv:3810 misc:4154 imb:15 pmb:920 smb:7225 d:- ref:0 ;
in:970 out:969 type:P dur:2 cpbdur:2 q:27.11 aq:18.38 tex:162253 mv:36329 misc:6018 imb:810 pmb:5214 smb:2136 d:s ref:0 ;
in:969 out:970 type:b dur:2 cpbdur:2 q:27.07 aq:21.41 tex:10675 mv:7557 misc:4712 imb:70 pmb:1206 smb:6884 d:s ref:0 ;
in:974 out:971 type:P dur:2 cpbdur:2 q:27.14 aq:17.94 tex:268377 mv:51779 misc:2956 imb:1856 pmb:5730 smb:574 d:s ref:0 ;
in:972 out:972 type:B dur:2 cpbdur:2 q:27.13 aq:20.69 tex:22489 mv:12368 misc:7327 imb:134 pmb:2601 smb:5425 d:s ref:0 ;
in:971 out:973 type:b dur:2 cpbdur:2 q:27.12 aq:20.88 tex:4906 mv:2997 misc:4321 imb:13 pmb:1010 smb:7137 d:s ref:0 ;
in:973 out:974 type:b dur:2 cpbdur:2 q:27.13 aq:22.01 tex:6584 mv:3860 misc:4452 imb:23 pmb:971 smb:7166 d:- ref:0 ;
in:978 out:975 type:P dur:2 cpbdur:2 q:27.12 aq:18.11 tex:173090 mv:38744 misc:5558 imb:783 pmb:5562 smb:1815 d:s ref:0 ;
in:976 out:976 type:B dur:2 cpbdur:2 q:27.13 aq:20.77 tex:11603 mv:8255 misc:6190 imb:35 pmb:1733 smb:6392 d:s ref:0 ;
in:975 out:977 type:b dur:2 cpbdur:2 q:27.14 aq:22.07 tex:8128 mv:6662 misc:4754 imb:18 pmb:1183 smb:6959 d:s ref:0 ;
in:977 out:978 type:b dur:2 cpbdur:2 q:27.12 aq:21.24 tex:2561 mv:1214 misc:2961 imb:3 pmb:535 smb:7622 d:- ref:0 ;
in:982 out:979 type:P dur:2 cpbdur:2 q:27.09 aq:18.58 tex:137474 mv:36177 misc:5949 imb:574 pmb:5213 smb:2373 d:s ref:0 ;
in:980 out:980 type:B dur:2 cpbdur:2 q:27.10 aq:20.50 tex:14913 mv:6735 misc:6376 imb:31 pmb:1793 smb:6336 d:s ref:0 ;
in:979 out:981 type:b dur:2 cpbdur:2 q:27.11 aq:21.99 tex:3645 mv:1208 misc:2803 imb:5 pmb:471 smb:7684 d:s ref:0 ;
in:981 out:982 type:b dur:2 cpbdur:2 q:27.09 aq:21.84 tex:5136 mv:5441 misc:4031 imb:7 pmb:950 smb:7203 d:- ref:0 ;
in:986 out:983 type:P dur:2 cpbdur:2 q:27.05 aq:18.85 tex:137715 mv:38234 misc:5867 imb:772 pmb:5066 smb:2322 d:s ref:0 ;
in:984 out:984 type:B dur:2 cpbdur:2 q:27.07 aq:20.42 tex:26195 mv:15384 misc:6981 imb:92 pmb:2406 smb:5662 d:s ref:0 ;
in:983 out:985 type:b dur:2 cpbdur:2 q:27.08 aq:21.23 tex:3014 mv:2365 misc:3613 imb:14 pmb:752 smb:7394 d:s ref:0 ;
in:985 out:986 type:b dur:2 cpbdur:2 q:27.06 aq:21.88 tex:3939 mv:2909 misc:3832 imb:11 pmb:821 smb:7328 d:- ref:0 ;
in:990 out:987 type:P dur:2 cpbdur:2 q:26.99 aq:18.20 tex:256161 mv:55969 misc:3150 imb:2039 pmb:5435 smb:686 d:s ref:0 ;
in:988 out:988 type:B dur:2 cpbdur:2 q:27.02 aq:20.88 tex:29597 mv:20668 misc:7599 imb:158 pmb:3007 smb:4995 d:s ref:0 ;
in:987 out:989 type:b dur:2 cpbdur:2 q:27.03 aq:21.75 tex:12598 mv:12106 misc:5744 imb:88 pmb:1639 smb:6433 d:s ref:0 ;
in:989 out:990 type:b dur:2 cpbdur:2 q:27.00 aq:20.86 tex:11485 mv:9705 misc:5842 imb:119 pmb:1594 smb:6447 d:- ref:0 ;
in:994 out:991 type:P dur:2 cpbdur:2 q:26.95 aq:19.36 tex:109608 mv:38444 misc:6052 imb:752 pmb:4882 smb:2526 d:s ref:0 ;
in:992 out:992 type:B dur:2 cpbdur:2 q:26.97 aq:20.52 tex:10223 mv:7161 misc:5976 imb:24 pmb:1648 smb:6488 d:s ref:0 ;
in:991 out:993 type:b dur:2 cpbdur:2 q:26.98 aq:21.24 tex:2297 mv:854 misc:2265 imb:4 pmb:337 smb:7819 d:s ref:0 ;
in:993 out:994 type:b dur:2 cpbdur:2 q:26.96 aq:22.34 tex:10159 mv:11047 misc:5386 imb:45 pmb:1528 smb:6587 d:- ref:0 ;
in:997 out:995 type:P dur:2 cpbdur:2 q:26.91 aq:18.70 tex:271674 mv:54791 misc:3743 imb:2017 pmb:4768 smb:1375 d:s ref:0 ;
in:995 out:996 type:B dur:2 cpbdur:2 q:26.94 aq:22.02 tex:27486 mv:25902 misc:5948 imb:302 pmb:2156 smb:5702 d:s ref:0 ;
in:996 out:997 type:b dur:2 cpbdur:2 q:26.92 aq:21.05 tex:4303 mv:2559 misc:3690 imb:22 pmb:826 smb:7312 d:- ref:0 ;
in:1001 out:998 type:P dur:2 cpbdur:2 q:26.91 aq:19.14 tex:294986 mv:56494 misc:4168 imb:2223 pmb:4437 smb:1500 d:s ref:0 ;
in:999 out:999 type:B dur:2 cpbdur:2 q:26.91 aq:21.62 tex:37288 mv:31788 misc:6892 imb:383 pmb:2910 smb:4867 d:s ref:0 ;
in:998 out:1000 type:b dur:2 cpbdur:2 q:26.91 aq:20.97 tex:2860 mv:2372 misc:4216 imb:2 pmb:1021 smb:7137 d:s ref:0 ;
in:1000 out:1001 type:b dur:2 cpbdur:2 q:26.91 aq:22.55 tex:34675 mv:28863 misc:6470 imb:384 pmb:2706 smb:5070 d:- ref:0 ;
in:1003 out:1002 type:P dur:2 cpbdur:2 q:26.92 aq:19.01 tex:213905 mv:44348 misc:4811 imb:1035 pmb:4974 smb:2151 d:s ref:0 ;
in:1002 out:1003 type:b dur:2 cpbdur:2 q:26.91 aq:21.62 tex:13049 mv:6639 misc:5048 imb:50 pmb:1417 smb:6693 d:s ref:0 ;
in:1007 out:1004 type:P dur:2 cpbdur:2 q:26.96 aq:18.27 tex:436861 mv:67767 misc:2076 imb:3110 pmb:4663 smb:387 d:s ref:0 ;
in:1005 out:1005 type:B dur:2 cpbdur:2 q:26.94 aq:21.29 tex:50189 mv:36812 misc:7439 imb:421 pmb:3608 smb:4131 d:s ref:0 ;
in:1004 out:1006 type:b dur:2 cpbdur:2 q:26.93 aq:21.69 tex:3573 mv:3477 misc:4470 imb:15 pmb:1084 smb:7061 d:s ref:0 ;
in:1006 out:1007 type:b dur:2 cpbdur:2 q:26.95 aq:21.78 tex:29652 mv:28920 misc:6908 imb:308 pmb:2860 smb:4992 d:- ref:0 ;
in:1011 out:1008 type:P dur:2 cpbdur:2 q:27.01 aq:18.49 tex:177201 mv:44729 misc:5790 imb:1034 pmb:5090 smb:2036 d:s ref:0 ;
in:1009 out:1009 type:B dur:2 cpbdur:2 q:26.98 aq:20.99 tex:27247 mv:19435 misc:6990 imb:112 pmb:2604 smb:5444 d:s ref:0 ;
in:1008 out:1010 type:b dur:2 cpbdur:2 q:26.97 aq:21.71 tex:5652 mv:6078 misc:4454 imb:25 pmb:1081 smb:7054 d:s ref:0 ;
in:1010 out:1011 type:b dur:2 cpbdur:2 q:26.99 aq:21.16 tex:2729 mv:2541 misc:3690 imb:9 pmb:798 smb:7353 d:- ref:0 ;
in:1015 out:1012 type:P dur:2 cpbdur:2 q:27.01 aq:18.82 tex:171404 mv:44313 misc:5403 imb:901 pmb:5269 smb:1990 d:s ref:0 ;
in:1013 out:1013 type:B dur:2 cpbdur:2 q:27.01 aq:20.64 tex:30302 mv:19002 misc:7112 imb:99 pmb:2742 smb:5319 d:s ref:0 ;
in:1012 out:1014 type:b dur:2 cpbdur:2 q:27.01 aq:22.21 tex:7120 mv:5248 misc:5216 imb:29 pmb:1334 smb:6797 d:s ref:0 ;
in:1014 out:1015 type:b dur:2 cpbdur:2 q:27.01 aq:21.96 tex:5097 mv:3233 misc:4070 imb:23 pmb:898 smb:7239 d:- ref:0 ;
in:1017 out:1016 type:P dur:2 cpbdur:2 q:26.99 aq:18.40 tex:164668 mv:39817 misc:5883 imb:725 pmb:5205 smb:2230 d:s ref:0 ;
in:1016 out:1017 type:b dur:2 cpbdur:2 q:27.00 aq:22.68 tex:9270 mv:8805 misc:5045 imb:37 pmb:1348 smb:6775 d:s ref:0 ;
in:1021 out:1018 type:P dur:2 cpbdur:2 q:26.98 aq:19.23 tex:217623 mv:44076 misc:5101 imb:1029 pmb:5081 smb:2050 d:s ref:0 ;
in:1019 out:1019 type:B dur:2 cpbdur:2 q:26.99 aq:21.37 tex:16470 mv:14324 misc:6014 imb:74 pmb:1865 smb:6221 d:s ref:0 ;
in:1018 out:1020 type:b dur:2 cpbdur:2 q:26.99 aq:22.08 tex:2607 mv:2432 misc:3673 imb:4 pmb:804 smb:7352 d:s ref:0 ;
in:1020 out:1021 type:b dur:2 cpbdur:2 q:26.99 aq:21.81 tex:5180 mv:3839 misc:4413 imb:14 pmb:1072 smb:7074 d:- ref:0 ;
in:1023 out:1022 type:P dur:2 cpbdur:2 q:26.96 aq:18.51 tex:285972 mv:47797 misc:4847 imb:1084 pmb:4947 smb:2129 d:s ref:0 ;
in:1022 out:1023 type:b dur:2 cpbdur:2 q:26.97 aq:23.13 tex:20089 mv:20652 misc:5611 imb:152 pmb:1836 smb:6172 d:s ref:0 ;
in:1027 out:1024 type:P dur:2 cpbdur:2 q:27.00 aq:17.97 tex:294153 mv:53958 misc:3225 imb:1844 pmb:5636 smb:680 d:s ref:0 ;
in:1025 out:1025 type:B dur:2 cpbdur:2 q:26.98 aq:20.78 tex:19590 mv:14067 misc:6615 imb:105 pmb:2198 smb:5857 d:s ref:0 ;
in:1024 out:1026 type:b dur:2 cpbdur:2 q:26.97 aq:21.06 tex:5050 mv:4114 misc:5132 imb:26 pmb:1316 smb:6818 d:s ref:0 ;
in:1026 out:1027 type:b dur:2 cpbdur:2 q:26.99 aq:22.23 tex:8829 mv:5717 misc:5006 imb:38 pmb:1188 smb:6934 d:- ref:0 ;
in:1030 out:1028 type:P dur:2 cpbdur:2 q:26.99 aq:17.99 tex:208317 mv:40040 misc:5251 imb:758 pmb:5635 smb:1767 d:s ref:0 ;
in:1028 out:1029 type:B dur:2 cpbdur:2 q:27.00 aq:21.28 tex:11880 mv:7973 misc:4523 imb:55 pmb:1089 smb:7016 d:s ref:0 ;
in:1029 out:1030 type:b dur:2 cpbdur:2 q:27.00 aq:22.56 tex:4991 mv:4738 misc:3647 imb:20 pmb:803 smb:7337 d:- ref:0 ;
in:1034 out:1031 type:P dur:2 cpbdur:2 q:27.01 aq:18.62 tex:102347 mv:29496 misc:7013 imb:438 pmb:4684 smb:3038 d:s ref:0 ;
in:1032 out:1032 type:B dur:2 cpbdur:2 q:27.00 aq:21.13 tex:9462 mv:5162 misc:4624 imb:17 pmb:1095 smb:7048 d:s ref:0 ;
in:1031 out:1033 type:b dur:2 cpbdur:2 q:27.00 aq:21.88 tex:2068 mv:1035 misc:2577 imb:2 pmb:439 smb:7719 d:s ref:0 ;
in:1033 out:1034 type:b dur:2 cpbdur:2 q:27.00 aq:22.61 tex:3798 mv:2371 misc:3455 imb:5 pmb:657 smb:7498 d:- ref:0 ;
in:1037 out:1035 type:P dur:2 cpbdur:2 q:26.96 aq:18.57 tex:146866 mv:39492 misc:5850 imb:727 pmb:5240 smb:2193 d:s ref:0 ;
in:1035 out:1036 type:B dur:2 cpbdur:2 q:26.99 aq:22.00 tex:11741 mv:11065 misc:5258 imb:27 pmb:1513 smb:6620 d:s ref:0 ;
in:1036 out:1037 type:b dur:2 cpbdur:2 q:26.98 aq:21.66 tex:4329 mv:5269 misc:3738 imb:15 pmb:792 smb:7353 d:- ref:0 ;
in:1041 out:1038 type:P dur:2 cpbdur:2 q:26.92 aq:20.01 tex:135559 mv:39693 misc:6188 imb:824 pmb:4346 smb:2990 d:s ref:0 ;
in:1039 out:1039 type:B dur:2 cpbdur:2 q:26.94 aq:20.40 tex:9833 mv:5866 misc:5621 imb:17 pmb:1520 smb:6623 d:s ref:0 ;
in:1038 out:1040 type:b dur:2 cpbdur:2 q:26.95 aq:21.96 tex:999 mv:309 misc:1292 imb:0 pmb:148 smb:8012 d:s ref:0 ;
in:1040 out:1041 type:b dur:2 cpbdur:2 q:26.93 aq:22.75 tex:13935 mv:14877 misc:5948 imb:40 pmb:1968 smb:6152 d:- ref:0 ;
in:1043 out:1042 type:P dur:2 cpbdur:2 q:26.85 aq:18.18 tex:317565 mv:62319 misc:3036 imb:2465 pmb:4914 smb:781 d:s ref:0 ;
in:1042 out:1043 type:b dur:2 cpbdur:2 q:26.89 aq:22.08 tex:23224 mv:26745 misc:7103 imb:193 pmb:2790 smb:5177 d:s ref:0 ;
in:1047 out:1044 type:P dur:2 cpbdur:2 q:26.88 aq:19.01 tex:286784 mv:59323 misc:4541 imb:1823 pmb:4653 smb:1684 d:s ref:0 ;
in:1045 out:1045 type:B dur:2 cpbdur:2 q:26.87 aq:19.48 tex:9967 mv:5518 misc:5155 imb:36 pmb:1366 smb:6758 d:s ref:0 ;
in:1044 out:1046 type:b dur:2 cpbdur:2 q:26.86 aq:20.41 tex:1291 mv:414 misc:1415 imb:2 pmb:175 smb:7983 d:s ref:0 ;
in:1046 out:1047 type:b dur:2 cpbdur:2 q:26.87 aq:22.65 tex:26747 mv:30401 misc:6356 imb:164 pmb:2798 smb:5198 d:- ref:0 ;
in:1049 out:1048 type:P dur:2 cpbdur:2 q:26.89 aq:18.14 tex:272126 mv:51794 misc:4448 imb:1297 pmb:4974 smb:1889 d:s ref:0 ;
in:1048 out:1049 type:b dur:2 cpbdur:2 q:26.89 aq:22.02 tex:18238 mv:22782 misc:5948 imb:163 pmb:2097 smb:5900 d:s ref:0 ;
in:1053 out:1050 type:P dur:2 cpbdur:2 q:26.95 aq:18.41 tex:265355 mv:52131 misc:4674 imb:1192 pmb:5039 smb:1929 d:s ref:0 ;
in:1051 out:1051 type:B dur:2 cpbdur:2 q:26.92 aq:19.18 tex:8507 mv:4412 misc:4857 imb:24 pmb:1262 smb:6874 d:s ref:0 ;
in:1050 out:1052 type:b dur:2 cpbdur:2 q:26.91 aq:19.76 tex:1252 mv:362 misc:1362 imb:1 pmb:163 smb:7996 d:s ref:0 ;
in:1052 out:1053 type:b dur:2 cpbdur:2 q:26.94 aq:22.36 tex:16409 mv:20880 misc:6351 imb:92 pmb:2287 smb:5781 d:- ref:0 ;
in:1057 out:1054 type:P dur:2 cpbdur:2 q:26.96 aq:18.24 tex:246134 mv:47666 misc:4848 imb:1027 pmb:5283 smb:1850 d:s ref:0 ;
in:1055 out:1055 type:B dur:2 cpbdur:2 q:26.96 aq:20.50 tex:42447 mv:25273 misc:7248 imb:98 pmb:3420 smb:4642 d:s ref:0 ;
in:1054 out:1056 type:b dur:2 cpbdur:2 q:26.96 aq:22.24 tex:12963 mv:13522 misc:5547 imb:54 pmb:1703 smb:6403 d:s ref:0 ;
in:1056 out:1057 type:b dur:2 cpbdur:2 q:26.96 aq:21.61 tex:5959 mv:5478 misc:5251 imb:28 pmb:1325 smb:6807 d:- ref:0 ;
in:1061 out:1058 type:P dur:2 cpbdur:2 q:26.95 aq:17.84 tex:281255 mv:53639 misc:2858 imb:1801 pmb:5561 smb:798 d:s ref:0 ;
in:1059 out:1059 type:B dur:2 cpbdur:2 q:26.95 aq:20.78 tex:19150 mv:12748 misc:6854 imb:87 pmb:2310 smb:5763 d:s ref:0 ;
in:1058 out:1060 type:b dur:2 cpbdur:2 q:26.96 aq:20.97 tex:2752 mv:2452 misc:3388 imb:6 pmb:684 smb:7470 d:s ref:0 ;
in:1060 out:1061 type:b dur:2 cpbdur:2 q:26.95 aq:21.45 tex:11248 mv:8794 misc:6014 imb:63 pmb:1732 smb:6365 d:- ref:0 ;
in:1063 out:1062 type:P dur:2 cpbdur:2 q:26.95 aq:17.76 tex:175285 mv:33267 misc:5528 imb:542 pmb:5308 smb:2310 d:s ref:0 ;
in:1062 out:1063 type:b dur:2 cpbdur:2 q:26.95 aq:21.31 tex:3083 mv:2124 misc:3009 imb:2 pmb:576 smb:7582 d:s ref:0 ;
in:1067 out:1064 type:P dur:2 cpbdur:2 q:26.96 aq:17.73 tex:229760 mv:40229 misc:5507 imb:850 pmb:5299 smb:2011 d:s ref:0 ;
in:1065 out:1065 type:B dur:2 cpbdur:2 q:26.96 aq:20.41 tex:9619 mv:7684 misc:4729 imb:25 pmb:1195 smb:6940 d:s ref:0 ;
in:1064 out:1066 type:b dur:2 cpbdur:2 q:26.95 aq:21.46 tex:2070 mv:1259 misc:2927 imb:2 pmb:570 smb:7588 d:s ref:0 ;
in:1066 out:1067 type:b dur:2 cpbdur:2 q:26.96 aq:21.63 tex:10491 mv:6214 misc:4023 imb:37 pmb:969 smb:7154 d:- ref:0 ;
in:1070 out:1068 type:P dur:2 cpbdur:2 q:26.94 aq:17.86 tex:148943 mv:32325 misc:5860 imb:514 pmb:5281 smb:2365 d:s ref:0 ;
in:1068 out:1069 type:B dur:2 cpbdur:2 q:26.96 aq:21.13 tex:6619 mv:3136 misc:3413 imb:20 pmb:685 smb:7455 d:s ref:0 ;
in:1069 out:1070 type:b dur:2 cpbdur:2 q:26.95 aq:21.59 tex:4643 mv:2920 misc:2885 imb:25 pmb:563 smb:7572 d:- ref:0 ;
in:1074 out:1071 type:P dur:2 cpbdur:2 q:26.92 aq:18.50 tex:125634 mv:29613 misc:6465 imb:501 pmb:4843 smb:2816 d:s ref:0 ;
in:1072 out:1072 type:B dur:2 cpbdur:2 q:26.93 aq:20.57 tex:8272 mv:4461 misc:4251 imb:25 pmb:919 smb:7216 d:s ref:0 ;
in:1071 out:1073 type:b dur:2 cpbdur:2 q:26.94 aq:20.78 tex:2294 mv:1279 misc:2523 imb:1 pmb:485 smb:7674 d:s ref:0 ;
in:1073 out:1074 type:b dur:2 cpbdur:2 q:26.92 aq:22.01 tex:5135 mv:2434 misc:3327 imb:27 pmb:643 smb:7490 d:- ref:0 ;
in:1077 out:1075 type:P dur:2 cpbdur:2 q:26.85 aq:17.41 tex:323448 mv:49555 misc:3253 imb:1728 pmb:5679 smb:753 d:s ref:0 ;
in:1075 out:1076 type:B dur:2 cpbdur:2 q:26.89 aq:20.51 tex:8439 mv:5938 misc:4719 imb:44 pmb:1101 smb:7015 d:s ref:0 ;
in:1076 out:1077 type:b dur:2 cpbdur:2 q:26.87 aq:21.25 tex:7948 mv:6567 misc:4861 imb:61 pmb:1236 smb:6863 d:- ref:0 ;
in:1081 out:1078 type:P dur:2 cpbdur:2 q:26.85 aq:18.01 tex:120575 mv:29531 misc:6758 imb:520 pmb:5055 smb:2585 d:s ref:0 ;
in:1079 out:1079 type:B dur:2 cpbdur:2 q:26.85 aq:19.79 tex:6992 mv:2774 misc:4226 imb:12 pmb:924 smb:7224 d:s ref:0 ;
in:1078 out:1080 type:b dur:2 cpbdur:2 q:26.85 aq:20.50 tex:2079 mv:837 misc:2180 imb:1 pmb:344 smb:7815 d:s ref:0 ;
in:1080 out:1081 type:b dur:2 cpbdur:2 q:26.85 aq:21.41 tex:3895 mv:1692 misc:2885 imb:14 pmb:502 smb:7644 d:- ref:0 ;
in:1083 out:1082 type:P dur:2 cpbdur:2 q:26.80 aq:17.87 tex:120537 mv:28967 misc:6464 imb:375 pmb:4926 smb:2859 d:s ref:0 ;
in:1082 out:1083 type:b dur:2 cpbdur:2 q:26.83 aq:21.93 tex:5555 mv:3804 misc:3777 imb:17 pmb:770 smb:7373 d:s ref:0 ;
in:1087 out:1084 type:P dur:2 cpbdur:2 q:26.79 aq:18.33 tex:113099 mv:29887 misc:6734 imb:545 pmb:4812 smb:2803 d:s ref:0 ;
in:1085 out:1085 type:B dur:2 cpbdur:2 q:26.80 aq:20.37 tex:10108 mv:4307 misc:5241 imb:18 pmb:1297 smb:6845 d:s ref:0 ;
in:1084 out:1086 type:b dur:2 cpbdur:2 q:26.80 aq:21.42 tex:1314 mv:362 misc:1372 imb:1 pmb:165 smb:7994 d:s ref:0 ;
in:1086 out:1087 type:b dur:2 cpbdur:2 q:26.79 aq:21.71 tex:3561 mv:1766 misc:3057 imb:10 pmb:563 smb:7587 d:- ref:0 ;
in:1089 out:1088 type:P dur:2 cpbdur:2 q:26.72 aq:17.69 tex:175501 mv:35984 misc:5227 imb:752 pmb:5444 smb:1964 d:s ref:0 ;
in:1088 out:1089 type:b dur:2 cpbdur:2 q:26.75 aq:21.66 tex:4718 mv:2357 misc:3437 imb:10 pmb:653 smb:7497 d:s ref:0 ;
in:1093 out:1090 type:P dur:2 cpbdur:2 q:26.71 aq:18.62 tex:86788 mv:24590 misc:6910 imb:355 pmb:4457 smb:3348 d:s ref:0 ;
in:1091 out:1091 type:B dur:2 cpbdur:2 q:26.71 aq:20.05 tex:11667 mv:4258 misc:4971 imb:18 pmb:1180 smb:6962 d:s ref:0 ;
in:1090 out:1092 type:b dur:2 cpbdur:2 q:26.72 aq:20.76 tex:2156 mv:775 misc:2285 imb:6 pmb:366 smb:7788 d:s ref:0 ;
in:1092 out:1093 type:b dur:2 cpbdur:2 q:26.71 aq:21.75 tex:3347 mv:1161 misc:2644 imb:6 pmb:432 smb:7722 d:- ref:0 ;
in:1097 out:1094 type:P dur:2 cpbdur:2 q:26.63 aq:18.00 tex:204973 mv:45524 misc:4087 imb:1597 pmb:5382 smb:1181 d:s ref:0 ;
in:1095 out:1095 type:B dur:2 cpbdur:2 q:26.67 aq:19.86 tex:14309 mv:6912 misc:6043 imb:78 pmb:1741 smb:6341 d:s ref:0 ;
in:1094 out:1096 type:b dur:2 cpbdur:2 q:26.69 aq:20.76 tex:6988 mv:3827 misc:4689 imb:34 pmb:1101 smb:7025 d:s ref:0 ;
in:1096 out:1097 type:b dur:2 cpbdur:2 q:26.65 aq:21.85 tex:4905 mv:2434 misc:4085 imb:13 pmb:845 smb:7302 d:- ref:0 ;
in:1101 out:1098 type:P dur:2 cpbdur:2 q:26.58 aq:19.44 tex:102907 mv:28748 misc:7441 imb:643 pmb:4083 smb:3434 d:s ref:0 ;
in:1099 out:1099 type:B dur:2 cpbdur:2 q:26.60 aq:20.30 tex:17373 mv:8229 misc:5294 imb:57 pmb:1474 smb:6629 d:s ref:0 ;
in:1098 out:1100 type:b dur:2 cpbdur:2 q:26.62 aq:21.34 tex:1509 mv:526 misc:1789 imb:1 pmb:260 smb:7899 d:s ref:0 ;
in:1100 out:1101 type:b dur:2 cpbdur:2 q:26.59 aq:21.41 tex:8036 mv:5903 misc:3405 imb:23 pmb:787 smb:7350 d:- ref:0 ;
in:1103 out:1102 type:P dur:2 cpbdur:2 q:26.53 aq:20.33 tex:27839 mv:10794 misc:6367 imb:236 pmb:1759 smb:6165 d:s ref:0 ;
in:1102 out:1103 type:b dur:2 cpbdur:2 q:26.55 aq:20.57 tex:6188 mv:1748 misc:1928 imb:20 pmb:308 smb:7832 d:s ref:0 ;
in:1104 out:1104 type:P dur:2 cpbdur:2 q:26.48 aq:20.46 tex:1113 mv:273 misc:1022 imb:9 pmb:87 smb:8064 d:s ref:0 ;
in:1105 out:1105 type:I dur:2 cpbdur:2 q:23.82 aq:16.70 tex:388209 mv:155284 misc:787 imb:8160 pmb:0 smb:0 d:s ref:;
in:1107 out:1106 type:P dur:2 cpbdur:2 q:26.52 aq:18.92 tex:188162 mv:60793 misc:4189 imb:3920 pmb:3111 smb:1129 d:s ref:0 ;
in:1106 out:1107 type:b dur:2 cpbdur:2 q:26.52 aq:20.10 tex:43878 mv:34046 misc:6284 imb:746 pmb:2511 smb:4903 d:s ref:0 ;
in:1111 out:1108 type:P dur:2 cpbdur:2 q:26.50 aq:19.31 tex:209817 mv:68172 misc:2923 imb:4196 pmb:3350 smb:614 d:s ref:0 ;
in:1109 out:1109 type:B dur:2 cpbdur:2 q:26.51 aq:20.13 tex:105457 mv:60441 misc:6590 imb:1477 pmb:4083 smb:2600 d:s ref:0 ;
in:1108 out:1110 type:b dur:2 cpbdur:2 q:26.51 aq:20.97 tex:59541 mv:39625 misc:6098 imb:839 pmb:2739 smb:4582 d:s ref:0 ;
in:1110 out:1111 type:b dur:2 cpbdur:2 q:26.51 aq:20.55 tex:8004 mv:5178 misc:5306 imb:26 pmb:1424 smb:6710 d:- ref:0 ;
in:1115 out:1112 type:P dur:2 cpbdur:2 q:26.53 aq:19.75 tex:251104 mv:68850 misc:2606 imb:4679 pmb:2988 smb:493 d:s ref:0 ;
in:1113 out:1113 type:B dur:2 cpbdur:2 q:26.51 aq:20.23 tex:129938 mv:67905 misc:6229 imb:1580 pmb:4103 smb:2477 d:s ref:0 ;
in:1112 out:1114 type:b dur:2 cpbdur:2 q:26.51 aq:21.40 tex:81393 mv:46636 misc:6843 imb:831 pmb:3452 smb:3877 d:s ref:0 ;
in:1114 out:1115 type:b dur:2 cpbdur:2 q:26.52 aq:21.31 tex:95760 mv:53434 misc:6926 imb:991 pmb:4017 smb:3152 d:- ref:0 ;
in:1117 out:1116 type:P dur:2 cpbdur:2 q:26.61 aq:18.71 tex:220930 mv:67094 misc:3136 imb:3906 pmb:3543 smb:711 d:s ref:0 ;
in:1116 out:1117 type:b dur:2 cpbdur:2 q:26.57 aq:21.14 tex:70205 mv:48250 misc:6489 imb:1025 pmb:3295 smb:3840 d:s ref:0 ;
in:1121 out:1118 type:P dur:2 cpbdur:2 q:26.65 aq:19.63 tex:188417 mv:64834 misc:3069 imb:4319 pmb:3222 smb:619 d:s ref:0 ;
in:1119 out:1119 type:B dur:2 cpbdur:2 q:26.63 aq:20.68 tex:82627 mv:54413 misc:6688 imb:1271 pmb:4065 smb:2824 d:s ref:0 ;
in:1118 out:1120 type:b dur:2 cpbdur:2 q:26.62 aq:18.84 tex:5022 mv:4282 misc:4768 imb:19 pmb:1209 smb:6932 d:s ref:0 ;
in:1120 out:1121 type:b dur:2 cpbdur:2 q:26.64 aq:21.09 tex:45301 mv:37936 misc:6243 imb:764 pmb:2704 smb:4692 d:- ref:0 ;
in:1123 out:1122 type:P dur:2 cpbdur:2 q:26.76 aq:19.12 tex:180153 mv:59592 misc:4335 imb:3591 pmb:3352 smb:1217 d:s ref:0 ;
in:1122 out:1123 type:b dur:2 cpbdur:2 q:26.71 aq:21.30 tex:43355 mv:36795 misc:5850 imb:754 pmb:2520 smb:4886 d:s ref:0 ;
in:1126 out:1124 type:P dur:2 cpbdur:2 q:26.81 aq:20.14 tex:166156 mv:53152 misc:5092 imb:3459 pmb:2731 smb:1970 d:s ref:0 ;
in:1124 out:1125 type:B dur:2 cpbdur:2 q:26.77 aq:18.28 tex:4425 mv:2367 misc:3416 imb:21 pmb:748 smb:7391 d:s ref:0 ;
in:1125 out:1126 type:b dur:2 cpbdur:2 q:26.79 aq:21.37 tex:55255 mv:38814 misc:5467 imb:973 pmb:2334 smb:4853 d:- ref:0 ;
in:1128 out:1127 type:P dur:2 cpbdur:2 q:26.81 aq:19.90 tex:177514 mv:55618 misc:4716 imb:3702 pmb:2771 smb:1687 d:s ref:0 ;
in:1127 out:1128 type:b dur:2 cpbdur:2 q:26.81 aq:21.25 tex:59762 mv:40983 misc:5471 imb:1071 pmb:2473 smb:4616 d:s ref:0 ;
in:1130 out:1129 type:P dur:2 cpbdur:2 q:26.84 aq:18.89 tex:223678 mv:60822 misc:4372 imb:3803 pmb:3006 smb:1351 d:s ref:0 ;
in:1129 out:1130 type:b dur:2 cpbdur:2 q:26.83 aq:21.29 tex:63637 mv:42860 misc:5295 imb:1092 pmb:2490 smb:4578 d:s ref:0 ;
in:1134 out:1131 type:P dur:2 cpbdur:2 q:26.86 aq:19.99 tex:194643 mv:61287 misc:4302 imb:3837 pmb:3016 smb:1307 d:s ref:0 ;
in:1132 out:1132 type:B dur:2 cpbdur:2 q:26.85 aq:20.86 tex:82444 mv:53178 misc:6058 imb:1320 pmb:3206 smb:3634 d:s ref:0 ;
in:1131 out:1133 type:b dur:2 cpbdur:2 q:26.85 aq:19.68 tex:3588 mv:3259 misc:4049 imb:15 pmb:921 smb:7224 d:s ref:0 ;
in:1133 out:1134 type:b dur:2 cpbdur:2 q:26.86 aq:21.48 tex:77326 mv:49008 misc:6378 imb:1026 pmb:3315 smb:3819 d:- ref:0 ;
in:1137 out:1135 type:P dur:2 cpbdur:2 q:26.90 aq:19.51 tex:225737 mv:62939 misc:4292 imb:3623 pmb:3195 smb:1342 d:s ref:0 ;
in:1135 out:1136 type:B dur:2 cpbdur:2 q:26.88 aq:20.99 tex:86169 mv:50229 misc:5826 imb:993 pmb:3219 smb:3948 d:s ref:0 ;
in:1136 out:1137 type:b dur:2 cpbdur:2 q:26.89 aq:21.39 tex:55176 mv:42290 misc:5430 imb:741 pmb:2773 smb:4646 d:- ref:0 ;
in:1140 out:1138 type:P dur:2 cpbdur:2 q:26.97 aq:20.43 tex:153045 mv:61706 misc:4401 imb:3744 pmb:2907 smb:1509 d:s ref:0 ;
in:1138 out:1139 type:B dur:2 cpbdur:2 q:26.93 aq:19.38 tex:4402 mv:2506 misc:3932 imb:23 pmb:900 smb:7237 d:s ref:0 ;
in:1139 out:1140 type:b dur:2 cpbdur:2 q:26.95 aq:21.03 tex:50437 mv:44529 misc:6322 imb:834 pmb:3021 smb:4305 d:- ref:0 ;
in:1142 out:1141 type:P dur:2 cpbdur:2 q:26.99 aq:20.56 tex:159108 mv:60390 misc:4550 imb:3668 pmb:2885 smb:1607 d:s ref:0 ;
in:1141 out:1142 type:b dur:2 cpbdur:2 q:26.98 aq:21.40 tex:52945 mv:45550 misc:6169 imb:988 pmb:2965 smb:4207 d:s ref:0 ;
in:1144 out:1143 type:P dur:2 cpbdur:2 q:27.02 aq:20.75 tex:141517 mv:62663 misc:3996 imb:3736 pmb:3173 smb:1251 d:s ref:0 ;
in:1143 out:1144 type:b dur:2 cpbdur:2 q:27.01 aq:20.05 tex:6091 mv:3811 misc:4466 imb:34 pmb:1144 smb:6982 d:s ref:0 ;
in:1146 out:1145 type:P dur:2 cpbdur:2 q:27.02 aq:20.81 tex:242054 mv:69212 misc:2934 imb:4644 pmb:2846 smb:670 d:s ref:0 ;
in:1145 out:1146 type:b dur:2 cpbdur:2 q:27.02 aq:21.76 tex:90809 mv:63264 misc:5959 imb:1579 pmb:3838 smb:2743 d:s ref:0 ;
in:1150 out:1147 type:P dur:2 cpbdur:2 q:27.07 aq:19.88 tex:366359 mv:77768 misc:1529 imb:5363 pmb:2588 smb:209 d:s ref:0 ;
in:1148 out:1148 type:B dur:2 cpbdur:2 q:27.05 aq:21.74 tex:170469 mv:85021 misc:4742 imb:2333 pmb:4196 smb:1631 d:s ref:0 ;
in:1147 out:1149 type:b dur:2 cpbdur:2 q:27.03 aq:22.29 tex:121352 mv:69177 misc:5575 imb:1568 pmb:4376 smb:2216 d:s ref:0 ;
in:1149 out:1150 type:b dur:2 cpbdur:2 q:27.06 aq:22.39 tex:115130 mv:65332 misc:5474 imb:1259 pmb:4100 smb:2801 d:- ref:0 ;
in:1154 out:1151 type:P dur:2 cpbdur:2 q:27.15 aq:21.00 tex:294960 mv:74994 misc:2382 imb:4747 pmb:2979 smb:434 d:s ref:0 ;
in:1152 out:1152 type:B dur:2 cpbdur:2 q:27.11 aq:22.01 tex:159966 mv:75419 misc:5535 imb:1522 pmb:4556 smb:2082 d:s ref:0 ;
in:1151 out:1153 type:b dur:2 cpbdur:2 q:27.09 aq:19.91 tex:3861 mv:2240 misc:3251 imb:8 pmb:763 smb:7389 d:s ref:0 ;
in:1153 out:1154 type:b dur:2 cpbdur:2 q:27.13 aq:22.32 tex:85312 mv:54800 misc:5904 imb:898 pmb:3520 smb:3742 d:- ref:0 ;
in:1158 out:1155 type:P dur:2 cpbdur:2 q:27.32 aq:21.10 tex:216857 mv:68616 misc:3431 imb:4222 pmb:3059 smb:879 d:s ref:0 ;
in:1156 out:1156 type:B dur:2 cpbdur:2 q:27.24 aq:22.06 tex:121606 mv:61699 misc:6311 imb:903 pmb:4657 smb:2600 d:s ref:0 ;
in:1155 out:1157 type:b dur:2 cpbdur:2 q:27.19 aq:22.68 tex:67254 mv:46380 misc:6094 imb:539 pmb:3302 smb:4319 d:s ref:0 ;
in:1157 out:1158 type:b dur:2 cpbdur:2 q:27.28 aq:21.21 tex:5459 mv:3667 misc:4490 imb:17 pmb:1080 smb:7063 d:- ref:0 ;
in:1161 out:1159 type:P dur:2 cpbdur:2 q:27.42 aq:21.34 tex:191298 mv:61056 misc:4342 imb:3951 pmb:2676 smb:1533 d:s ref:0 ;
in:1159 out:1160 type:B dur:2 cpbdur:2 q:27.36 aq:22.31 tex:74657 mv:54424 misc:6159 imb:926 pmb:3642 smb:3592 d:s ref:0 ;
in:1160 out:1161 type:b dur:2 cpbdur:2 q:27.39 aq:22.48 tex:47040 mv:43654 misc:5866 imb:637 pmb:2943 smb:4580 d:- ref:0 ;
in:1163 out:1162 type:P dur:2 cpbdur:2 q:27.49 aq:20.32 tex:203257 mv:61876 misc:4243 imb:3606 pmb:2915 smb:1639 d:s ref:0 ;
in:1162 out:1163 type:b dur:2 cpbdur:2 q:27.46 aq:22.32 tex:50050 mv:42045 misc:5721 imb:796 pmb:2638 smb:4726 d:s ref:0 ;
in:1166 out:1164 type:P dur:2 cpbdur:2 q:27.49 aq:21.87 tex:151031 mv:54423 misc:4666 imb:3557 pmb:2494 smb:2109 d:s ref:0 ;
in:1164 out:1165 type:B dur:2 cpbdur:2 q:27.49 aq:20.80 tex:2930 mv:2259 misc:3371 imb:9 pmb:726 smb:7425 d:s ref:0 ;
in:1165 out:1166 type:b dur:2 cpbdur:2 q:27.49 aq:22.02 tex:48755 mv:40967 misc:5750 imb:880 pmb:2574 smb:4706 d:- ref:0 ;
in:1167 out:1167 type:P dur:2 cpbdur:2 q:27.52 aq:22.50 tex:69598 mv:42261 misc:5973 imb:2011 pmb:2617 smb:3532 d:s ref:0 ;
in:1168 out:1168 type:P dur:2 cpbdur:2 q:27.54 aq:23.11 tex:347742 mv:58976 misc:770 imb:7129 pmb:930 smb:101 d:s ref:0 ;
in:1169 out:1169 type:I dur:2 cpbdur:2 q:24.27 aq:16.02 tex:889238 mv:262820 misc:838 imb:8160 pmb:0 smb:0 d:s ref:;
in:1173 out:1170 type:P dur:2 cpbdur:2 q:27.81 aq:19.39 tex:118793 mv:39058 misc:6829 imb:955 pmb:4800 smb:2405 d:s ref:0 ;
in:1171 out:1171 type:B dur:2 cpbdur:2 q:27.81 aq:20.69 tex:23438 mv:18718 misc:7516 imb:115 pmb:2796 smb:5249 d:s ref:0 ;
in:1170 out:1172 type:b dur:2 cpbdur:2 q:27.81 aq:21.35 tex:3028 mv:2461 misc:4095 imb:14 pmb:884 smb:7262 d:s ref:0 ;
in:1172 out:1173 type:b dur:2 cpbdur:2 q:27.81 aq:22.08 tex:12023 mv:5396 misc:3677 imb:73 pmb:783 smb:7304 d:- ref:0 ;
in:1177 out:1174 type:P dur:2 cpbdur:2 q:27.84 aq:19.54 tex:166699 mv:46037 misc:5528 imb:1205 pmb:5234 smb:1721 d:s ref:0 ;
in:1175 out:1175 type:B dur:2 cpbdur:2 q:27.82 aq:21.61 tex:29662 mv:22660 misc:7198 imb:127 pmb:2711 smb:5322 d:s ref:0 ;
in:1174 out:1176 type:b dur:2 cpbdur:2 q:27.82 aq:22.29 tex:8584 mv:7249 misc:3719 imb:71 pmb:860 smb:7229 d:s ref:0 ;
in:1176 out:1177 type:b dur:2 cpbdur:2 q:27.83 aq:22.32 tex:8428 mv:8186 misc:3882 imb:31 pmb:951 smb:7178 d:- ref:0 ;
in:1181 out:1178 type:P dur:2 cpbdur:2 q:27.84 aq:20.33 tex:141062 mv:46347 misc:5983 imb:1439 pmb:4761 smb:1960 d:s ref:0 ;
in:1179 out:1179 type:B dur:2 cpbdur:2 q:27.84 aq:21.66 tex:25669 mv:21504 misc:6811 imb:140 pmb:2445 smb:5575 d:s ref:0 ;
in:1178 out:1180 type:b dur:2 cpbdur:2 q:27.84 aq:21.01 tex:2847 mv:2079 misc:3402 imb:10 pmb:707 smb:7443 d:s ref:0 ;
in:1180 out:1181 type:b dur:2 cpbdur:2 q:27.84 aq:22.27 tex:17099 mv:16635 misc:5762 imb:120 pmb:1917 smb:6123 d:- ref:0 ;
in:1183 out:1182 type:P dur:2 cpbdur:2 q:27.79 aq:19.70 tex:221175 mv:51267 misc:4614 imb:1881 pmb:4952 smb:1327 d:s ref:0 ;
in:1182 out:1183 type:b dur:2 cpbdur:2 q:27.82 aq:22.20 tex:22176 mv:20657 misc:5567 imb:210 pmb:1975 smb:5975 d:s ref:0 ;
in:1187 out:1184 type:P dur:2 cpbdur:2 q:27.80 aq:20.37 tex:172870 mv:50092 misc:5318 imb:1741 pmb:4668 smb:1751 d:s ref:0 ;
in:1185 out:1185 type:B dur:2 cpbdur:2 q:27.79 aq:21.39 tex:35035 mv:26843 misc:6426 imb:246 pmb:2681 smb:5233 d:s ref:0 ;
in:1184 out:1186 type:b dur:2 cpbdur:2 q:27.79 aq:21.35 tex:2298 mv:1614 misc:2960 imb:5 pmb:593 smb:7562 d:s ref:0 ;
in:1186 out:1187 type:b dur:2 cpbdur:2 q:27.80 aq:21.69 tex:21340 mv:17020 misc:4808 imb:140 pmb:1654 smb:6366 d:- ref:0 ;
in:1191 out:1188 type:P dur:2 cpbdur:2 q:27.77 aq:19.88 tex:329376 mv:63485 misc:2787 imb:3562 pmb:4002 smb:596 d:s ref:0 ;
in:1189 out:1189 type:B dur:2 cpbdur:2 q:27.78 aq:21.81 tex:54052 mv:30131 misc:6417 imb:710 pmb:2528 smb:4922 d:s ref:0 ;
in:1188 out:1190 type:b dur:2 cpbdur:2 q:27.79 aq:22.02 tex:30244 mv:25227 misc:6769 imb:257 pmb:2826 smb:5077 d:s ref:0 ;
in:1190 out:1191 type:b dur:2 cpbdur:2 q:27.78 aq:21.84 tex:1851 mv:803 misc:1970 imb:4 pmb:312 smb:7844 d:- ref:0 ;
in:1195 out:1192 type:P dur:2 cpbdur:2 q:27.79 aq:19.82 tex:195379 mv:50269 misc:5016 imb:1997 pmb:4589 smb:1574 d:s ref:0 ;
in:1193 out:1193 type:B dur:2 cpbdur:2 q:27.78 aq:21.39 tex:50954 mv:29539 misc:6755 imb:322 pmb:3015 smb:4823 d:s ref:0 ;
in:1192 out:1194 type:b dur:2 cpbdur:2 q:27.78 aq:21.86 tex:24151 mv:18181 misc:4452 imb:162 pmb:1656 smb:6342 d:s ref:0 ;
in:1194 out:1195 type:b dur:2 cpbdur:2 q:27.79 aq:21.96 tex:18415 mv:16181 misc:5260 imb:137 pmb:1832 smb:6191 d:- ref:0 ;
in:1197 out:1196 type:P dur:2 cpbdur:2 q:27.81 aq:19.28 tex:192424 mv:44948 misc:5332 imb:1307 pmb:5029 smb:1824 d:s ref:0 ;
in:1196 out:1197 type:b dur:2 cpbdur:2 q:27.80 aq:21.67 tex:14812 mv:13597 misc:4375 imb:65 pmb:1486 smb:6609 d:s ref:0 ;
in:1201 out:1198 type:P dur:2 cpbdur:2 q:27.82 aq:19.44 tex:171841 mv:45982 misc:5785 imb:1530 pmb:4691 smb:1939 d:s ref:0 ;
in:1199 out:1199 type:B dur:2 cpbdur:2 q:27.82 aq:21.13 tex:31827 mv:21537 misc:5780 imb:223 pmb:2252 smb:5685 d:s ref:0 ;
in:1198 out:1200 type:b dur:2 cpbdur:2 q:27.82 aq:20.78 tex:2629 mv:1453 misc:2878 imb:3 pmb:592 smb:7565 d:s ref:0 ;
in:1200 out:1201 type:b dur:2 cpbdur:2 q:27.82 aq:22.21 tex:15450 mv:12442 misc:4460 imb:83 pmb:1357 smb:6720 d:- ref:0 ;
in:1203 out:1202 type:P dur:2 cpbdur:2 q:27.82 aq:19.17 tex:149971 mv:41862 misc:6327 imb:1150 pmb:4794 smb:2216 d:s ref:0 ;
in:1202 out:1203 type:b dur:2 cpbdur:2 q:27.82 aq:22.10 tex:13593 mv:10263 misc:4112 imb:60 pmb:1181 smb:6919 d:s ref:0 ;
in:1207 out:1204 type:P dur:2 cpbdur:2 q:27.83 aq:19.46 tex:172168 mv:45817 misc:5471 imb:1347 pmb:5011 smb:1802 d:s ref:0 ;
in:1205 out:1205 type:B dur:2 cpbdur:2 q:27.83 aq:21.10 tex:26609 mv:16586 misc:5925 imb:192 pmb:1964 smb:6004 d:s ref:0 ;
in:1204 out:1206 type:b dur:2 cpbdur:2 q:27.82 aq:21.10 tex:2864 mv:2157 misc:2971 imb:12 pmb:594 smb:7554 d:s ref:0 ;
in:1206 out:1207 type:b dur:2 cpbdur:2 q:27.83 aq:21.82 tex:12014 mv:10324 misc:3942 imb:75 pmb:1135 smb:6950 d:- ref:0 ;
in:1211 out:1208 type:P dur:2 cpbdur:2 q:27.79 aq:19.29 tex:149728 mv:45298 misc:5622 imb:1355 pmb:5035 smb:1770 d:s ref:0 ;
in:1209 out:1209 type:B dur:2 cpbdur:2 q:27.81 aq:21.17 tex:21450 mv:13454 misc:6384 imb:123 pmb:2022 smb:6015 d:s ref:0 ;
in:1208 out:1210 type:b dur:2 cpbdur:2 q:27.82 aq:21.85 tex:14208 mv:10791 misc:4649 imb:83 pmb:1387 smb:6690 d:s ref:0 ;
in:1210 out:1211 type:b dur:2 cpbdur:2 q:27.80 aq:21.36 tex:3056 mv:2267 misc:3477 imb:15 pmb:724 smb:7421 d:- ref:0 ;
in:1215 out:1212 type:P dur:2 cpbdur:2 q:27.76 aq:19.29 tex:203878 mv:48965 misc:5461 imb:1526 pmb:5041 smb:1593 d:s ref:0 ;
in:1213 out:1213 type:B dur:2 cpbdur:2 q:27.78 aq:21.39 tex:37976 mv:22649 misc:7151 imb:166 pmb:2902 smb:5092 d:s ref:0 ;
in:1212 out:1214 type:b dur:2 cpbdur:2 q:27.79 aq:22.29 tex:10551 mv:7853 misc:4436 imb:32 pmb:1114 smb:7014 d:s ref:0 ;
in:1214 out:1215 type:b dur:2 cpbdur:2 q:27.77 aq:22.48 tex:10993 mv:8527 misc:5136 imb:51 pmb:1352 smb:6757 d:- ref:0 ;
in:1217 out:1216 type:P dur:2 cpbdur:2 q:27.74 aq:18.94 tex:188227 mv:42178 misc:5507 imb:1052 pmb:5365 smb:1743 d:s ref:0 ;
in:1216 out:1217 type:b dur:2 cpbdur:2 q:27.75 aq:22.12 tex:11149 mv:8588 misc:4639 imb:48 pmb:1195 smb:6917 d:s ref:0 ;
in:1221 out:1218 type:P dur:2 cpbdur:2 q:27.75 aq:19.22 tex:220871 mv:44532 misc:4909 imb:1178 pmb:5471 smb:1511 d:s ref:0 ;
in:1219 out:1219 type:B dur:2 cpbdur:2 q:27.74 aq:21.04 tex:16217 mv:12533 misc:5890 imb:82 pmb:1700 smb:6378 d:s ref:0 ;
in:1218 out:1220 type:b dur:2 cpbdur:2 q:27.74 aq:21.09 tex:2937 mv:1822 misc:3329 imb:7 pmb:678 smb:7475 d:s ref:0 ;
in:1220 out:1221 type:b dur:2 cpbdur:2 q:27.75 aq:21.73 tex:6548 mv:6435 misc:4065 imb:36 pmb:940 smb:7184 d:- ref:0 ;
in:1223 out:1222 type:P dur:2 cpbdur:2 q:27.74 aq:18.67 tex:119060 mv:35491 misc:6345 imb:841 pmb:5327 smb:1992 d:s ref:0 ;
in:1222 out:1223 type:b dur:2 cpbdur:2 q:27.74 aq:21.28 tex:7498 mv:4770 misc:4364 imb:39 pmb:1040 smb:7081 d:s ref:0 ;
in:1227 out:1224 type:P dur:2 cpbdur:2 q:27.75 aq:19.24 tex:141386 mv:38553 misc:6013 imb:862 pmb:5282 smb:2016 d:s ref:0 ;
in:1225 out:1225 type:B dur:2 cpbdur:2 q:27.74 aq:21.05 tex:14165 mv:8806 misc:5805 imb:59 pmb:1580 smb:6521 d:s ref:0 ;
in:1224 out:1226 type:b dur:2 cpbdur:2 q:27.74 aq:20.47 tex:2527 mv:1272 misc:2817 imb:6 pmb:503 smb:7651 d:s ref:0 ;
in:1226 out:1227 type:b dur:2 cpbdur:2 q:27.74 aq:21.65 tex:5160 mv:2768 misc:3320 imb:19 pmb:596 smb:7545 d:- ref:0 ;
in:1230 out:1228 type:P dur:2 cpbdur:2 q:27.69 aq:18.88 tex:207878 mv:43035 misc:4871 imb:1164 pmb:5576 smb:1420 d:s ref:0 ;
in:1228 out:1229 type:B dur:2 cpbdur:2 q:27.73 aq:20.93 tex:9549 mv:5379 misc:4344 imb:37 pmb:1002 smb:7121 d:s ref:0 ;
in:1229 out:1230 type:b dur:2 cpbdur:2 q:27.71 aq:21.76 tex:6770 mv:4958 misc:4024 imb:33 pmb:880 smb:7247 d:- ref:0 ;
in:1234 out:1231 type:P dur:2 cpbdur:2 q:27.68 aq:19.25 tex:167997 mv:42565 misc:5478 imb:1120 pmb:5273 smb:1767 d:s ref:0 ;
in:1232 out:1232 type:B dur:2 cpbdur:2 q:27.68 aq:21.10 tex:17297 mv:11152 misc:6007 imb:58 pmb:1833 smb:6269 d:s ref:0 ;
in:1231 out:1233 type:b dur:2 cpbdur:2 q:27.68 aq:21.27 tex:2534 mv:1682 misc:2928 imb:6 pmb:533 smb:7621 d:s ref:0 ;
in:1233 out:1234 type:b dur:2 cpbdur:2 q:27.68 aq:21.66 tex:6433 mv:4374 misc:3313 imb:27 pmb:680 smb:7453 d:- ref:0 ;
in:1237 out:1235 type:P dur:2 cpbdur:2 q:27.65 aq:18.74 tex:176599 mv:42818 misc:5623 imb:1150 pmb:5319 smb:1691 d:s ref:0 ;
in:1235 out:1236 type:B dur:2 cpbdur:2 q:27.67 aq:21.14 tex:14183 mv:7477 misc:4780 imb:41 pmb:1294 smb:6825 d:s ref:0 ;
in:1236 out:1237 type:b dur:2 cpbdur:2 q:27.66 aq:21.77 tex:10019 mv:7519 misc:5006 imb:48 pmb:1335 smb:6777 d:- ref:0 ;
in:1241 out:1238 type:P dur:2 cpbdur:2 q:27.63 aq:19.09 tex:158316 mv:41682 misc:5698 imb:983 pmb:5355 smb:1822 d:s ref:0 ;
in:1239 out:1239 type:B dur:2 cpbdur:2 q:27.64 aq:21.11 tex:15804 mv:11879 misc:6189 imb:74 pmb:1842 smb:6244 d:s ref:0 ;
in:1238 out:1240 type:b dur:2 cpbdur:2 q:27.64 aq:21.33 tex:2439 mv:1716 misc:3045 imb:7 pmb:564 smb:7589 d:s ref:0 ;
in:1240 out:1241 type:b dur:2 cpbdur:2 q:27.64 aq:21.31 tex:6771 mv:5785 misc:3836 imb:33 pmb:862 smb:7265 d:- ref:0 ;
in:1243 out:1242 type:P dur:2 cpbdur:2 q:27.59 aq:18.76 tex:162318 mv:38832 misc:5370 imb:828 pmb:5531 smb:1801 d:s ref:0 ;
in:1242 out:1243 type:b dur:2 cpbdur:2 q:27.61 aq:21.14 tex:5750 mv:3847 misc:3483 imb:25 pmb:711 smb:7424 d:s ref:0 ;
in:1247 out:1244 type:P dur:2 cpbdur:2 q:27.59 aq:18.95 tex:149028 mv:38805 misc:6151 imb:980 pmb:5277 smb:1903 d:s ref:0 ;
in:1245 out:1245 type:B dur:2 cpbdur:2 q:27.59 aq:20.93 tex:14253 mv:9009 misc:6042 imb:49 pmb:1648 smb:6463 d:s ref:0 ;
in:1244 out:1246 type:b dur:2 cpbdur:2 q:27.59 aq:21.36 tex:2551 mv:1724 misc:3229 imb:7 pmb:621 smb:7532 d:s ref:0 ;
in:1246 out:1247 type:b dur:2 cpbdur:2 q:27.59 aq:21.58 tex:8305 mv:6297 misc:4966 imb:35 pmb:1265 smb:6860 d:- ref:0 ;
in:1251 out:1248 type:P dur:2 cpbdur:2 q:27.56 aq:19.42 tex:135293 mv:37928 misc:6387 imb:908 pmb:5166 smb:2086 d:s ref:0 ;
in:1249 out:1249 type:B dur:2 cpbdur:2 q:27.57 aq:21.25 tex:18265 mv:11732 misc:6499 imb:65 pmb:1951 smb:6144 d:s ref:0 ;
in:1248 out:1250 type:b dur:2 cpbdur:2 q:27.58 aq:21.88 tex:10186 mv:7404 misc:4762 imb:56 pmb:1174 smb:6930 d:s ref:0 ;
in:1250 out:1251 type:b dur:2 cpbdur:2 q:27.56 aq:21.53 tex:3632 mv:2208 misc:3696 imb:6 pmb:801 smb:7353 d:- ref:0 ;
in:1255 out:1252 type:P dur:2 cpbdur:2 q:27.50 aq:19.18 tex:209626 mv:49376 misc:4878 imb:1700 pmb:5129 smb:1331 d:s ref:0 ;
in:1253 out:1253 type:B dur:2 cpbdur:2 q:27.53 aq:21.27 tex:41679 mv:22331 misc:6494 imb:247 pmb:2379 smb:5534 d:s ref:0 ;
in:1252 out:1254 type:b dur:2 cpbdur:2 q:27.54 aq:21.84 tex:14058 mv:10909 misc:4129 imb:81 pmb:1176 smb:6903 d:s ref:0 ;
in:1254 out:1255 type:b dur:2 cpbdur:2 q:27.52 aq:21.85 tex:14354 mv:9975 misc:4319 imb:93 pmb:1156 smb:6911 d:- ref:0 ;
in:1257 out:1256 type:P dur:2 cpbdur:2 q:27.47 aq:18.88 tex:169087 mv:41499 misc:5654 imb:981 pmb:5445 smb:1734 d:s ref:0 ;
in:1256 out:1257 type:b dur:2 cpbdur:2 q:27.49 aq:21.58 tex:8746 mv:7084 misc:3858 imb:28 pmb:984 smb:7148 d:s ref:0 ;
in:1261 out:1258 type:P dur:2 cpbdur:2 q:27.48 aq:19.25 tex:138116 mv:42111 misc:6253 imb:1138 pmb:5083 smb:1939 d:s ref:0 ;
in:1259 out:1259 type:B dur:2 cpbdur:2 q:27.47 aq:21.18 tex:19871 mv:11617 misc:6120 imb:63 pmb:1875 smb:6222 d:s ref:0 ;
in:1258 out:1260 type:b dur:2 cpbdur:2 q:27.47 aq:20.88 tex:2866 mv:1348 misc:3002 imb:6 pmb:562 smb:7592 d:s ref:0 ;
in:1260 out:1261 type:b dur:2 cpbdur:2 q:27.48 aq:21.59 tex:17385 mv:11608 misc:5047 imb:72 pmb:1602 smb:6486 d:- ref:0 ;
in:1263 out:1262 type:P dur:2 cpbdur:2 q:27.45 aq:18.89 tex:214716 mv:41270 misc:5350 imb:1012 pmb:5458 smb:1690 d:s ref:0 ;
in:1262 out:1263 type:b dur:2 cpbdur:2 q:27.47 aq:21.71 tex:15082 mv:9787 misc:4587 imb:51 pmb:1283 smb:6826 d:s ref:0 ;
in:1267 out:1264 type:P dur:2 cpbdur:2 q:27.46 aq:19.05 tex:146146 mv:41280 misc:6110 imb:1048 pmb:4990 smb:2122 d:s ref:0 ;
in:1265 out:1265 type:B dur:2 cpbdur:2 q:27.46 aq:21.14 tex:24995 mv:14962 misc:6019 imb:96 pmb:2035 smb:6029 d:s ref:0 ;
in:1264 out:1266 type:b dur:2 cpbdur:2 q:27.46 aq:20.57 tex:2892 mv:1393 misc:3043 imb:5 pmb:563 smb:7592 d:s ref:0 ;
in:1266 out:1267 type:b dur:2 cpbdur:2 q:27.46 aq:21.05 tex:7672 mv:5439 misc:3737 imb:27 pmb:857 smb:7276 d:- ref:0 ;
in:1270 out:1268 type:P dur:2 cpbdur:2 q:27.44 aq:18.55 tex:136707 mv:43066 misc:5523 imb:1115 pmb:5286 smb:1759 d:s ref:0 ;
in:1268 out:1269 type:B dur:2 cpbdur:2 q:27.45 aq:20.62 tex:17032 mv:9772 misc:4700 imb:47 pmb:1363 smb:6750 d:s ref:0 ;
in:1269 out:1270 type:b dur:2 cpbdur:2 q:27.45 aq:21.67 tex:10734 mv:8596 misc:4950 imb:76 pmb:1312 smb:6772 d:- ref:0 ;
in:1274 out:1271 type:P dur:2 cpbdur:2 q:27.42 aq:19.07 tex:158463 mv:41054 misc:6355 imb:999 pmb:4966 smb:2195 d:s ref:0 ;
in:1272 out:1272 type:B dur:2 cpbdur:2 q:27.43 aq:20.59 tex:21157 mv:13773 misc:5934 imb:92 pmb:1823 smb:6245 d:s ref:0 ;
in:1271 out:1273 type:b dur:2 cpbdur:2 q:27.43 aq:20.86 tex:2246 mv:1112 misc:2546 imb:5 pmb:425 smb:7730 d:s ref:0 ;
in:1273 out:1274 type:b dur:2 cpbdur:2 q:27.42 aq:21.67 tex:9063 mv:6912 misc:4049 imb:34 pmb:964 smb:7162 d:- ref:0 ;
in:1277 out:1275 type:P dur:2 cpbdur:2 q:27.38 aq:18.67 tex:191279 mv:45092 misc:4605 imb:1149 pmb:5652 smb:1359 d:s ref:0 ;
in:1275 out:1276 type:B dur:2 cpbdur:2 q:27.41 aq:20.61 tex:11265 mv:7476 misc:5011 imb:45 pmb:1282 smb:6833 d:s ref:0 ;
in:1276 out:1277 type:b dur:2 cpbdur:2 q:27.39 aq:21.44 tex:6895 mv:5344 misc:4625 imb:28 pmb:1116 smb:7016 d:- ref:0 ;
in:1281 out:1278 type:P dur:2 cpbdur:2 q:27.37 aq:19.41 tex:114328 mv:34627 misc:7221 imb:857 pmb:4636 smb:2667 d:s ref:0 ;
in:1279 out:1279 type:B dur:2 cpbdur:2 q:27.37 aq:20.72 tex:19684 mv:7893 misc:5703 imb:89 pmb:1540 smb:6531 d:s ref:0 ;
in:1278 out:1280 type:b dur:2 cpbdur:2 q:27.37 aq:20.87 tex:2825 mv:984 misc:2687 imb:4 pmb:469 smb:7687 d:s ref:0 ;
in:1280 out:1281 type:b dur:2 cpbdur:2 q:27.37 aq:21.49 tex:7606 mv:4187 misc:3639 imb:29 pmb:783 smb:7348 d:- ref:0 ;
in:1283 out:1282 type:P dur:2 cpbdur:2 q:27.33 aq:19.14 tex:123914 mv:41009 misc:6437 imb:954 pmb:5158 smb:2048 d:s ref:0 ;
in:1282 out:1283 type:b dur:2 cpbdur:2 q:27.35 aq:21.58 tex:8899 mv:6553 misc:4084 imb:44 pmb:913 smb:7203 d:s ref:0 ;
in:1287 out:1284 type:P dur:2 cpbdur:2 q:27.32 aq:19.70 tex:147133 mv:44576 misc:6115 imb:1218 pmb:4964 smb:1978 d:s ref:0 ;
in:1285 out:1285 type:B dur:2 cpbdur:2 q:27.32 aq:21.20 tex:19452 mv:15475 misc:6273 imb:93 pmb:1872 smb:6195 d:s ref:0 ;
in:1284 out:1286 type:b dur:2 cpbdur:2 q:27.32 aq:20.69 tex:3641 mv:2979 misc:4484 imb:11 pmb:1026 smb:7123 d:s ref:0 ;
in:1286 out:1287 type:b dur:2 cpbdur:2 q:27.32 aq:21.44 tex:12541 mv:10719 misc:5372 imb:69 pmb:1507 smb:6584 d:- ref:0 ;
in:1291 out:1288 type:P dur:2 cpbdur:2 q:27.26 aq:20.76 tex:61074 mv:34320 misc:7486 imb:874 pmb:3979 smb:3307 d:s ref:0 ;
in:1289 out:1289 type:B dur:2 cpbdur:2 q:27.29 aq:21.11 tex:18419 mv:12156 misc:6649 imb:72 pmb:2045 smb:6043 d:s ref:0 ;
in:1288 out:1290 type:b dur:2 cpbdur:2 q:27.30 aq:21.88 tex:12771 mv:10330 misc:5827 imb:87 pmb:1689 smb:6384 d:s ref:0 ;
in:1290 out:1291 type:b dur:2 cpbdur:2 q:27.28 aq:21.97 tex:5216 mv:4296 misc:4896 imb:7 pmb:1137 smb:7016 d:- ref:0 ;
in:1293 out:1292 type:P dur:2 cpbdur:2 q:27.21 aq:22.29 tex:34515 mv:21659 misc:7226 imb:544 pmb:2514 smb:5102 d:s ref:0 ;
in:1292 out:1293 type:b dur:2 cpbdur:2 q:27.24 aq:21.85 tex:10863 mv:6813 misc:4796 imb:44 pmb:1188 smb:6928 d:s ref:0 ;
in:1294 out:1294 type:I dur:2 cpbdur:2 q:24.48 aq:16.24 tex:675970 mv:212021 misc:721 imb:8160 pmb:0 smb:0 d:s ref:;
in:1298 out:1295 type:P dur:2 cpbdur:2 q:27.32 aq:18.57 tex:145777 mv:41077 misc:6458 imb:1330 pmb:4666 smb:2164 d:s ref:0 ;
in:1296 out:1296 type:B dur:2 cpbdur:2 q:27.32 aq:20.40 tex:13979 mv:7680 misc:6037 imb:59 pmb:1793 smb:6308 d:s ref:0 ;
in:1295 out:1297 type:b dur:2 cpbdur:2 q:27.32 aq:21.62 tex:15637 mv:10011 misc:5896 imb:131 pmb:1620 smb:6409 d:s ref:0 ;
in:1297 out:1298 type:b dur:2 cpbdur:2 q:27.32 aq:21.38 tex:1811 mv:753 misc:1988 imb:5 pmb:311 smb:7844 d:- ref:0 ;
in:1302 out:1299 type:P dur:2 cpbdur:2 q:27.27 aq:18.29 tex:182110 mv:50853 misc:4885 imb:1541 pmb:5261 smb:1358 d:s ref:0 ;
in:1300 out:1300 type:B dur:2 cpbdur:2 q:27.30 aq:20.60 tex:21904 mv:17916 misc:7092 imb:176 pmb:2428 smb:5556 d:s ref:0 ;
in:1299 out:1301 type:b dur:2 cpbdur:2 q:27.31 aq:21.58 tex:6001 mv:5167 misc:3800 imb:43 pmb:791 smb:7326 d:s ref:0 ;
in:1301 out:1302 type:b dur:2 cpbdur:2 q:27.29 aq:21.05 tex:6585 mv:6204 misc:4163 imb:52 pmb:912 smb:7196 d:- ref:0 ;
in:1306 out:1303 type:P dur:2 cpbdur:2 q:27.27 aq:18.67 tex:128105 mv:37706 misc:6645 imb:955 pmb:4832 smb:2373 d:s ref:0 ;
in:1304 out:1304 type:B dur:2 cpbdur:2 q:27.27 aq:20.15 tex:13418 mv:7594 misc:6228 imb:49 pmb:1785 smb:6326 d:s ref:0 ;
in:1303 out:1305 type:b dur:2 cpbdur:2 q:27.27 aq:21.90 tex:1567 mv:643 misc:1702 imb:2 pmb:241 smb:7917 d:s ref:0 ;
in:1305 out:1306 type:b dur:2 cpbdur:2 q:27.27 aq:21.62 tex:9564 mv:7416 misc:5428 imb:56 pmb:1354 smb:6750 d:- ref:0 ;
in:1310 out:1307 type:P dur:2 cpbdur:2 q:27.24 aq:18.42 tex:146463 mv:43503 misc:5986 imb:1239 pmb:5082 smb:1839 d:s ref:0 ;
in:1308 out:1308 type:B dur:2 cpbdur:2 q:27.25 aq:20.44 tex:20662 mv:11918 misc:6868 imb:93 pmb:2155 smb:5912 d:s ref:0 ;
in:1307 out:1309 type:b dur:2 cpbdur:2 q:27.26 aq:21.48 tex:7306 mv:6121 misc:4781 imb:60 pmb:1093 smb:7007 d:s ref:0 ;
in:1309 out:1310 type:b dur:2 cpbdur:2 q:27.24 aq:21.71 tex:7951 mv:5681 misc:5176 imb:46 pmb:1264 smb:6850 d:- ref:0 ;
in:1314 out:1311 type:P dur:2 cpbdur:2 q:27.18 aq:18.70 tex:154359 mv:45147 misc:5782 imb:1266 pmb:5118 smb:1776 d:s ref:0 ;
in:1312 out:1312 type:B dur:2 cpbdur:2 q:27.21 aq:20.40 tex:13089 mv:9240 misc:5855 imb:69 pmb:1593 smb:6498 d:s ref:0 ;
in:1311 out:1313 type:b dur:2 cpbdur:2 q:27.22 aq:21.49 tex:2076 mv:1641 misc:2579 imb:5 pmb:457 smb:7698 d:s ref:0 ;
in:1313 out:1314 type:b dur:2 cpbdur:2 q:27.20 aq:20.97 tex:7934 mv:6042 misc:4736 imb:73 pmb:1094 smb:6993 d:- ref:0 ;
in:1317 out:1315 type:P dur:2 cpbdur:2 q:27.16 aq:18.56 tex:138394 mv:37394 misc:6308 imb:938 pmb:4913 smb:2309 d:s ref:0 ;
in:1315 out:1316 type:B dur:2 cpbdur:2 q:27.17 aq:20.46 tex:7727 mv:3944 misc:4705 imb:32 pmb:1054 smb:7074 d:s ref:0 ;
in:1316 out:1317 type:b dur:2 cpbdur:2 q:27.17 aq:21.68 tex:4763 mv:3629 misc:3784 imb:17 pmb:745 smb:7398 d:- ref:0 ;
in:1321 out:1318 type:P dur:2 cpbdur:2 q:27.13 aq:18.76 tex:132052 mv:37992 misc:6716 imb:1003 pmb:4764 smb:2393 d:s ref:0 ;
in:1319 out:1319 type:B dur:2 cpbdur:2 q:27.14 aq:20.73 tex:16929 mv:10774 misc:6705 imb:108 pmb:1991 smb:6061 d:s ref:0 ;
in:1318 out:1320 type:b dur:2 cpbdur:2 q:27.15 aq:20.75 tex:2304 mv:1336 misc:2656 imb:6 pmb:456 smb:7698 d:s ref:0 ;
in:1320 out:1321 type:b dur:2 cpbdur:2 q:27.14 aq:21.19 tex:3955 mv:2405 misc:3408 imb:11 pmb:668 smb:7481 d:- ref:0 ;
in:1323 out:1322 type:P dur:2 cpbdur:2 q:27.09 aq:18.49 tex:108596 mv:36502 misc:6374 imb:791 pmb:4811 smb:2558 d:s ref:0 ;
in:1322 out:1323 type:b dur:2 cpbdur:2 q:27.11 aq:21.31 tex:5947 mv:4709 misc:3776 imb:27 pmb:785 smb:7348 d:s ref:0 ;
in:1327 out:1324 type:P dur:2 cpbdur:2 q:27.08 aq:18.66 tex:114067 mv:39734 misc:6495 imb:1142 pmb:4671 smb:2347 d:s ref:0 ;
in:1325 out:1325 type:B dur:2 cpbdur:2 q:27.08 aq:20.13 tex:13288 mv:8011 misc:5533 imb:90 pmb:1428 smb:6642 d:t ref:0 ;
in:1324 out:1326 type:b dur:2 cpbdur:2 q:27.08 aq:21.35 tex:3896 mv:2724 misc:4060 imb:13 pmb:870 smb:7277 d:s ref:0 ;
in:1326 out:1327 type:b dur:2 cpbdur:2 q:27.08 aq:21.53 tex:6742 mv:4033 misc:4337 imb:33 pmb:999 smb:7128 d:- ref:0 ;
in:1331 out:1328 type:P dur:2 cpbdur:2 q:27.01 aq:18.52 tex:132351 mv:41700 misc:6109 imb:1237 pmb:4881 smb:2042 d:s ref:0 ;
in:1329 out:1329 type:B dur:2 cpbdur:2 q:27.04 aq:20.55 tex:17581 mv:10357 misc:6382 imb:115 pmb:1860 smb:6185 d:s ref:0 ;
in:1328 out:1330 type:b dur:2 cpbdur:2 q:27.06 aq:21.61 tex:12193 mv:8544 misc:5679 imb:85 pmb:1455 smb:6620 d:s ref:0 ;
in:1330 out:1331 type:b dur:2 cpbdur:2 q:27.02 aq:21.22 tex:3446 mv:2172 misc:3734 imb:11 pmb:745 smb:7404 d:- ref:0 ;
in:1335 out:1332 type:P dur:2 cpbdur:2 q:26.96 aq:18.70 tex:112624 mv:40275 misc:6421 imb:1121 pmb:4783 smb:2256 d:s ref:0 ;
in:1333 out:1333 type:B dur:2 cpbdur:2 q:26.99 aq:20.65 tex:29052 mv:15596 misc:7464 imb:118 pmb:2759 smb:5283 d:s ref:0 ;
in:1332 out:1334 type:b dur:2 cpbdur:2 q:27.00 aq:21.27 tex:5081 mv:2663 misc:3880 imb:25 pmb:800 smb:7335 d:s ref:0 ;
in:1334 out:1335 type:b dur:2 cpbdur:2 q:26.97 aq:20.99 tex:10164 mv:4937 misc:4107 imb:51 pmb:883 smb:7226 d:- ref:0 ;
in:1337 out:1336 type:P dur:2 cpbdur:2 q:26.92 aq:18.17 tex:158136 mv:45628 misc:5468 imb:1198 pmb:5270 smb:1692 d:s ref:0 ;
in:1336 out:1337 type:b dur:2 cpbdur:2 q:26.94 aq:21.64 tex:11084 mv:9211 misc:5041 imb:49 pmb:1305 smb:6806 d:s ref:0 ;
in:1341 out:1338 type:P dur:2 cpbdur:2 q:26.91 aq:18.77 tex:156478 mv:41691 misc:6175 imb:1016 pmb:4778 smb:2366 d:s ref:0 ;
in:1339 out:1339 type:B dur:2 cpbdur:2 q:26.91 aq:19.82 tex:10110 mv:5965 misc:5405 imb:41 pmb:1379 smb:6740 d:s ref:0 ;
in:1338 out:1340 type:b dur:2 cpbdur:2 q:26.91 aq:21.04 tex:3466 mv:1395 misc:2971 imb:13 pmb:511 smb:7636 d:s ref:0 ;
in:1340 out:1341 type:b dur:2 cpbdur:2 q:26.91 aq:21.53 tex:11572 mv:9505 misc:4675 imb:56 pmb:1180 smb:6924 d:- ref:0 ;
in:1343 out:1342 type:P dur:2 cpbdur:2 q:26.88 aq:17.95 tex:201676 mv:46887 misc:5333 imb:1357 pmb:5274 smb:1529 d:s ref:0 ;
in:1342 out:1343 type:b dur:2 cpbdur:2 q:26.89 aq:21.80 tex:24677 mv:13941 misc:6542 imb:125 pmb:2014 smb:6021 d:s ref:0 ;
in:1347 out:1344 type:P dur:2 cpbdur:2 q:26.89 aq:18.88 tex:133607 mv:36836 misc:6525 imb:771 pmb:4710 smb:2679 d:s ref:0 ;
in:1345 out:1345 type:B dur:2 cpbdur:2 q:26.88 aq:20.11 tex:14511 mv:8767 misc:6074 imb:45 pmb:1776 smb:6339 d:s ref:0 ;
in:1344 out:1346 type:b dur:2 cpbdur:2 q:26.88 aq:20.71 tex:1758 mv:616 misc:1802 imb:2 pmb:275 smb:7883 d:s ref:0 ;
in:1346 out:1347 type:b dur:2 cpbdur:2 q:26.89 aq:21.49 tex:9596 mv:7129 misc:4171 imb:42 pmb:975 smb:7143 d:- ref:0 ;
in:1350 out:1348 type:P dur:2 cpbdur:2 q:26.85 aq:18.03 tex:206090 mv:50093 misc:4313 imb:1549 pmb:5549 smb:1062 d:s ref:0 ;
in:1348 out:1349 type:B dur:2 cpbdur:2 q:26.88 aq:20.67 tex:12736 mv:9396 misc:5612 imb:89 pmb:1430 smb:6641 d:s ref:0 ;
in:1349 out:1350 type:b dur:2 cpbdur:2 q:26.86 aq:21.38 tex:8820 mv:5835 misc:5601 imb:31 pmb:1458 smb:6671 d:- ref:0 ;
in:1354 out:1351 type:P dur:2 cpbdur:2 q:26.84 aq:18.54 tex:144990 mv:41039 misc:6123 imb:1017 pmb:5094 smb:2049 d:s ref:0 ;
in:1352 out:1352 type:B dur:2 cpbdur:2 q:26.85 aq:20.24 tex:12050 mv:8723 misc:5555 imb:58 pmb:1469 smb:6633 d:s ref:0 ;
in:1351 out:1353 type:b dur:2 cpbdur:2 q:26.85 aq:21.07 tex:2488 mv:1589 misc:3163 imb:3 pmb:604 smb:7553 d:s ref:0 ;
in:1353 out:1354 type:b dur:2 cpbdur:2 q:26.85 aq:21.74 tex:6142 mv:4816 misc:3978 imb:41 pmb:819 smb:7300 d:- ref:0 ;
in:1357 out:1355 type:P dur:2 cpbdur:2 q:26.81 aq:18.17 tex:125486 mv:39511 misc:6211 imb:1021 pmb:4931 smb:2208 d:s ref:0 ;
in:1355 out:1356 type:B dur:2 cpbdur:2 q:26.83 aq:20.38 tex:14932 mv:9016 misc:5828 imb:73 pmb:1653 smb:6434 d:s ref:0 ;
in:1356 out:1357 type:b dur:2 cpbdur:2 q:26.82 aq:21.21 tex:5309 mv:3659 misc:4336 imb:23 pmb:968 smb:7169 d:- ref:0 ;
in:1361 out:1358 type:P dur:2 cpbdur:2 q:26.78 aq:18.43 tex:143239 mv:43045 misc:6012 imb:1227 pmb:5041 smb:1892 d:s ref:0 ;
in:1359 out:1359 type:B dur:2 cpbdur:2 q:26.79 aq:20.78 tex:20872 mv:15597 misc:7251 imb:119 pmb:2513 smb:5528 d:s ref:0 ;
in:1358 out:1360 type:b dur:2 cpbdur:2 q:26.80 aq:20.54 tex:2610 mv:1406 misc:2920 imb:1 pmb:547 smb:7612 d:s ref:0 ;
in:1360 out:1361 type:b dur:2 cpbdur:2 q:26.79 aq:21.06 tex:8255 mv:6817 misc:4768 imb:49 pmb:1129 smb:6982 d:- ref:0 ;
in:1363 out:1362 type:P dur:2 cpbdur:2 q:26.73 aq:18.25 tex:110537 mv:35830 misc:6721 imb:793 pmb:4789 smb:2578 d:s ref:0 ;
in:1362 out:1363 type:b dur:2 cpbdur:2 q:26.76 aq:20.89 tex:4881 mv:2745 misc:3758 imb:23 pmb:782 smb:7355 d:s ref:0 ;
in:1367 out:1364 type:P dur:2 cpbdur:2 q:26.72 aq:18.34 tex:139047 mv:44354 misc:5759 imb:1201 pmb:5083 smb:1876 d:s ref:0 ;
in:1365 out:1365 type:B dur:2 cpbdur:2 q:26.72 aq:20.65 tex:18290 mv:11017 misc:6357 imb:118 pmb:1879 smb:6163 d:s ref:0 ;
in:1364 out:1366 type:b dur:2 cpbdur:2 q:26.73 aq:21.12 tex:4364 mv:2899 misc:4289 imb:9 pmb:936 smb:7215 d:s ref:0 ;
in:1366 out:1367 type:b dur:2 cpbdur:2 q:26.72 aq:21.47 tex:8877 mv:6265 misc:5074 imb:51 pmb:1202 smb:6907 d:- ref:0 ;
in:1371 out:1368 type:P dur:2 cpbdur:2 q:26.68 aq:18.55 tex:128031 mv:41063 misc:6266 imb:1041 pmb:5031 smb:2088 d:s ref:0 ;
in:1369 out:1369 type:B dur:2 cpbdur:2 q:26.70 aq:20.21 tex:15360 mv:7049 misc:6007 imb:63 pmb:1631 smb:6466 d:s ref:0 ;
in:1368 out:1370 type:b dur:2 cpbdur:2 q:26.71 aq:21.41 tex:10733 mv:7077 misc:5886 imb:61 pmb:1537 smb:6562 d:s ref:0 ;
in:1370 out:1371 type:b dur:2 cpbdur:2 q:26.69 aq:20.76 tex:3608 mv:2229 misc:3667 imb:10 pmb:750 smb:7400 d:- ref:0 ;
in:1375 out:1372 type:P dur:2 cpbdur:2 q:26.63 aq:18.54 tex:143280 mv:44957 misc:5755 imb:1186 pmb:5196 smb:1778 d:s ref:0 ;
in:1373 out:1373 type:B dur:2 cpbdur:2 q:26.65 aq:20.42 tex:35706 mv:17368 misc:7534 imb:145 pmb:3073 smb:4942 d:s ref:0 ;
in:1372 out:1374 type:b dur:2 cpbdur:2 q:26.67 aq:20.94 tex:9698 mv:6854 misc:4784 imb:48 pmb:1159 smb:6953 d:s ref:0 ;
in:1374 out:1375 type:b dur:2 cpbdur:2 q:26.64 aq:20.83 tex:5641 mv:2824 misc:4031 imb:17 pmb:864 smb:7279 d:- ref:0 ;
in:1377 out:1376 type:P dur:2 cpbdur:2 q:26.58 aq:17.98 tex:220955 mv:46806 misc:5303 imb:1215 pmb:5393 smb:1552 d:s ref:0 ;
in:1376 out:1377 type:b dur:2 cpbdur:2 q:26.61 aq:21.40 tex:13358 mv:7892 misc:4846 imb:55 pmb:1223 smb:6882 d:s ref:0 ;
in:1381 out:1378 type:P dur:2 cpbdur:2 q:26.59 aq:18.49 tex:141340 mv:40691 misc:6361 imb:991 pmb:4969 smb:2200 d:s ref:0 ;
in:1379 out:1379 type:B dur:2 cpbdur:2 q:26.59 aq:20.15 tex:26497 mv:11569 misc:6190 imb:86 pmb:1838 smb:6236 d:s ref:0 ;
in:1378 out:1380 type:b dur:2 cpbdur:2 q:26.59 aq:20.78 tex:5054 mv:2990 misc:4756 imb:15 pmb:1151 smb:6994 d:s ref:0 ;
in:1380 out:1381 type:b dur:2 cpbdur:2 q:26.59 aq:21.31 tex:8640 mv:5557 misc:5003 imb:39 pmb:1217 smb:6904 d:- ref:0 ;
in:1383 out:1382 type:P dur:2 cpbdur:2 q:26.57 aq:17.75 tex:184548 mv:44750 misc:5198 imb:1285 pmb:5404 smb:1471 d:s ref:0 ;
in:1382 out:1383 type:b dur:2 cpbdur:2 q:26.58 aq:21.38 tex:16252 mv:10273 misc:5947 imb:88 pmb:1655 smb:6417 d:s ref:0 ;
in:1387 out:1384 type:P dur:2 cpbdur:2 q:26.58 aq:18.47 tex:136296 mv:38378 misc:6342 imb:923 pmb:4971 smb:2266 d:s ref:0 ;
in:1385 out:1385 type:B dur:2 cpbdur:2 q:26.57 aq:20.09 tex:19054 mv:9788 misc:6030 imb:68 pmb:1785 smb:6307 d:s ref:0 ;
in:1384 out:1386 type:b dur:2 cpbdur:2 q:26.57 aq:20.57 tex:3080 mv:1957 misc:3643 imb:2 pmb:776 smb:7382 d:s ref:0 ;
in:1386 out:1387 type:b dur:2 cpbdur:2 q:26.57 aq:20.83 tex:5337 mv:2732 misc:3667 imb:17 pmb:766 smb:7377 d:- ref:0 ;
in:1390 out:1388 type:P dur:2 cpbdur:2 q:26.54 aq:17.92 tex:155142 mv:45810 misc:5280 imb:1238 pmb:5412 smb:1510 d:s ref:0 ;
in:1388 out:1389 type:B dur:2 cpbdur:2 q:26.56 aq:20.51 tex:15876 mv:9455 misc:5949 imb:87 pmb:1620 smb:6453 d:s ref:0 ;
in:1389 out:1390 type:b dur:2 cpbdur:2 q:26.55 aq:21.39 tex:10111 mv:7794 misc:5255 imb:42 pmb:1316 smb:6802 d:- ref:0 ;
in:1394 out:1391 type:P dur:2 cpbdur:2 q:26.52 aq:18.55 tex:119422 mv:41533 misc:6357 imb:1043 pmb:4992 smb:2125 d:s ref:0 ;
in:1392 out:1392 type:B dur:2 cpbdur:2 q:26.53 aq:19.73 tex:16132 mv:9094 misc:6662 imb:80 pmb:2064 smb:6016 d:s ref:0 ;
in:1391 out:1393 type:b dur:2 cpbdur:2 q:26.53 aq:20.49 tex:2084 mv:655 misc:1933 imb:6 pmb:269 smb:7885 d:s ref:0 ;
in:1393 out:1394 type:b dur:2 cpbdur:2 q:26.53 aq:20.99 tex:9055 mv:7596 misc:4717 imb:70 pmb:1136 smb:6954 d:- ref:0 ;
in:1397 out:1395 type:P dur:2 cpbdur:2 q:26.47 aq:18.13 tex:227067 mv:50341 misc:4784 imb:1447 pmb:5427 smb:1286 d:s ref:0 ;
in:1395 out:1396 type:B dur:2 cpbdur:2 q:26.51 aq:20.38 tex:14624 mv:11149 misc:5667 imb:87 pmb:1567 smb:6506 d:s ref:0 ;
in:1396 out:1397 type:b dur:2 cpbdur:2 q:26.49 aq:21.01 tex:11243 mv:7180 misc:6065 imb:42 pmb:1710 smb:6408 d:- ref:0 ;
in:1401 out:1398 type:P dur:2 cpbdur:2 q:26.47 aq:18.67 tex:175281 mv:47773 misc:5674 imb:1249 pmb:5170 smb:1741 d:s ref:0 ;
in:1399 out:1399 type:B dur:2 cpbdur:2 q:26.47 aq:20.55 tex:20996 mv:14816 misc:6420 imb:84 pmb:2003 smb:6073 d:s ref:0 ;
in:1398 out:1400 type:b dur:2 cpbdur:2 q:26.47 aq:20.73 tex:3158 mv:2324 misc:3534 imb:9 pmb:794 smb:7357 d:s ref:0 ;
in:1400 out:1401 type:b dur:2 cpbdur:2 q:26.47 aq:21.53 tex:14358 mv:10095 misc:4867 imb:67 pmb:1340 smb:6753 d:- ref:0 ;
in:1403 out:1402 type:P dur:2 cpbdur:2 q:26.43 aq:18.48 tex:145170 mv:40131 misc:6459 imb:954 pmb:4893 smb:2313 d:s ref:0 ;
in:1402 out:1403 type:b dur:2 cpbdur:2 q:26.45 aq:20.90 tex:7022 mv:3551 misc:4219 imb:18 pmb:988 smb:7154 d:s ref:0 ;
in:1407 out:1404 type:P dur:2 cpbdur:2 q:26.44 aq:18.91 tex:186347 mv:51739 misc:5242 imb:1888 pmb:4710 smb:1562 d:s ref:0 ;
in:1405 out:1405 type:B dur:2 cpbdur:2 q:26.44 aq:20.51 tex:34771 mv:19789 misc:6912 imb:154 pmb:2676 smb:5330 d:s ref:0 ;
in:1404 out:1406 type:b dur:2 cpbdur:2 q:26.43 aq:21.12 tex:4164 mv:3530 misc:4346 imb:13 pmb:1021 smb:7126 d:s ref:0 ;
in:1406 out:1407 type:b dur:2 cpbdur:2 q:26.44 aq:21.59 tex:24668 mv:19031 misc:6709 imb:113 pmb:2403 smb:5644 d:- ref:0 ;
in:1411 out:1408 type:P dur:2 cpbdur:2 q:26.41 aq:19.19 tex:173378 mv:50579 misc:5419 imb:1865 pmb:4607 smb:1688 d:s ref:0 ;
in:1409 out:1409 type:B dur:2 cpbdur:2 q:26.42 aq:20.01 tex:54126 mv:26429 misc:6437 imb:274 pmb:2883 smb:5003 d:s ref:0 ;
in:1408 out:1410 type:b dur:2 cpbdur:2 q:26.43 aq:20.64 tex:8276 mv:4408 misc:4676 imb:52 pmb:1105 smb:7003 d:s ref:0 ;
in:1410 out:1411 type:b dur:2 cpbdur:2 q:26.42 aq:20.92 tex:5695 mv:3778 misc:4871 imb:18 pmb:1170 smb:6972 d:- ref:0 ;
in:1415 out:1412 type:P dur:2 cpbdur:2 q:26.38 aq:19.31 tex:182436 mv:52613 misc:5143 imb:2265 pmb:4284 smb:1611 d:s ref:0 ;
in:1413 out:1413 type:B dur:2 cpbdur:2 q:26.40 aq:20.52 tex:54907 mv:28131 misc:7058 imb:357 pmb:3241 smb:4562 d:s ref:0 ;
in:1412 out:1414 type:b dur:2 cpbdur:2 q:26.40 aq:21.36 tex:27180 mv:20076 misc:5248 imb:147 pmb:1979 smb:6034 d:s ref:0 ;
in:1414 out:1415 type:b dur:2 cpbdur:2 q:26.39 aq:21.11 tex:7773 mv:3730 misc:4561 imb:38 pmb:1041 smb:7081 d:- ref:0 ;
in:1417 out:1416 type:P dur:2 cpbdur:2 q:26.37 aq:18.65 tex:164560 mv:49738 misc:5454 imb:2100 pmb:4364 smb:1696 d:s ref:0 ;
in:1416 out:1417 type:b dur:2 cpbdur:2 q:26.38 aq:20.87 tex:22886 mv:17297 misc:5097 imb:169 pmb:1835 smb:6156 d:s ref:0 ;
in:1421 out:1418 type:P dur:2 cpbdur:2 q:26.38 aq:18.98 tex:187805 mv:53726 misc:4997 imb:2563 pmb:4143 smb:1454 d:s ref:0 ;
in:1419 out:1419 type:B dur:2 cpbdur:2 q:26.38 aq:20.03 tex:36321 mv:24168 misc:6519 imb:281 pmb:2648 smb:5231 d:s ref:0 ;
in:1418 out:1420 type:b dur:2 cpbdur:2 q:26.37 aq:20.25 tex:3963 mv:2508 misc:3777 imb:9 pmb:789 smb:7362 d:s ref:0 ;
in:1420 out:1421 type:b dur:2 cpbdur:2 q:26.38 aq:20.67 tex:11231 mv:5966 misc:5635 imb:74 pmb:1453 smb:6633 d:- ref:0 ;
in:1423 out:1422 type:P dur:2 cpbdur:2 q:26.37 aq:18.65 tex:148925 mv:45584 misc:5899 imb:1900 pmb:3723 smb:2537 d:s ref:0 ;
in:1422 out:1423 type:b dur:2 cpbdur:2 q:26.37 aq:21.15 tex:27812 mv:18745 misc:5331 imb:255 pmb:1866 smb:6039 d:s ref:0 ;
in:1427 out:1424 type:P dur:2 cpbdur:2 q:26.38 aq:19.00 tex:166998 mv:52516 misc:5494 imb:2369 pmb:3944 smb:1847 d:s ref:0 ;
in:1425 out:1425 type:B dur:2 cpbdur:2 q:26.37 aq:20.43 tex:45085 mv:27395 misc:7320 imb:371 pmb:3166 smb:4623 d:s ref:0 ;
in:1424 out:1426 type:b dur:2 cpbdur:2 q:26.37 aq:19.63 tex:3670 mv:2228 misc:3558 imb:11 pmb:731 smb:7418 d:s ref:0 ;
in:1426 out:1427 type:b dur:2 cpbdur:2 q:26.38 aq:20.49 tex:7394 mv:3567 misc:4383 imb:31 pmb:1009 smb:7120 d:- ref:0 ;
in:1430 out:1428 type:P dur:2 cpbdur:2 q:26.35 aq:18.16 tex:214205 mv:56668 misc:4599 imb:2818 pmb:3917 smb:1425 d:s ref:0 ;
in:1428 out:1429 type:B dur:2 cpbdur:2 q:26.37 aq:20.05 tex:39129 mv:19682 misc:5605 imb:257 pmb:2081 smb:5822 d:s ref:0 ;
in:1429 out:1430 type:b dur:2 cpbdur:2 q:26.36 aq:20.96 tex:30374 mv:21054 misc:6484 imb:269 pmb:2326 smb:5565 d:- ref:0 ;
in:1434 out:1431 type:P dur:2 cpbdur:2 q:26.37 aq:19.24 tex:117899 mv:44450 misc:6587 imb:1762 pmb:3743 smb:2655 d:s ref:0 ;
in:1432 out:1432 type:B dur:2 cpbdur:2 q:26.36 aq:19.60 tex:41037 mv:21094 misc:6965 imb:217 pmb:2729 smb:5214 d:s ref:0 ;
in:1431 out:1433 type:b dur:2 cpbdur:2 q:26.35 aq:19.91 tex:3936 mv:1950 misc:3682 imb:7 pmb:765 smb:7388 d:s ref:0 ;
in:1433 out:1434 type:b dur:2 cpbdur:2 q:26.36 aq:20.46 tex:5054 mv:2743 misc:3611 imb:37 pmb:719 smb:7404 d:- ref:0 ;
in:1437 out:1435 type:P dur:2 cpbdur:2 q:26.33 aq:19.78 tex:120299 mv:43886 misc:6543 imb:1947 pmb:3427 smb:2786 d:s ref:0 ;
in:1435 out:1436 type:B dur:2 cpbdur:2 q:26.36 aq:20.26 tex:32054 mv:17655 misc:5571 imb:249 pmb:1844 smb:6067 d:s ref:0 ;
in:1436 out:1437 type:b dur:2 cpbdur:2 q:26.35 aq:20.93 tex:25596 mv:18575 misc:6925 imb:195 pmb:2459 smb:5506 d:- ref:0 ;
in:1438 out:1438 type:P dur:2 cpbdur:2 q:26.32 aq:20.11 tex:2714 mv:720 misc:1870 imb:25 pmb:227 smb:7908 d:s ref:0 ;
in:1439 out:1439 type:I dur:2 cpbdur:2 q:23.49 aq:5.00 tex:458 mv:1985 misc:469 imb:8160 pmb:0 smb:0 d:s ref:;
in:1443 out:1440 type:P dur:2 cpbdur:2 q:26.27 aq:9.54 tex:5540 mv:4399 misc:509 imb:6706 pmb:16 smb:1438 d:s ref:0 ;
in:1441 out:1441 type:B dur:2 cpbdur:2 q:26.27 aq:20.08 tex:3228 mv:594 misc:802 imb:25 pmb:183 smb:7952 d:s ref:0 ;
in:1440 out:1442 type:b dur:2 cpbdur:2 q:26.27 aq:19.70 tex:2439 mv:752 misc:897 imb:31 pmb:294 smb:7835 d:s ref:0 ;
in:1442 out:1443 type:b dur:2 cpbdur:2 q:26.27 aq:14.89 tex:2672 mv:640 misc:952 imb:33 pmb:164 smb:7963 d:- ref:0 ;
in:1445 out:1444 type:P dur:2 cpbdur:2 q:26.22 aq:14.44 tex:12686 mv:3078 misc:1036 imb:1850 pmb:99 smb:6211 d:s ref:0 ;
in:1444 out:1445 type:b dur:2 cpbdur:2 q:26.25 aq:12.54 tex:167 mv:351 misc:1042 imb:3 pmb:228 smb:7929 d:s ref:0 ;
in:1447 out:1446 type:P dur:2 cpbdur:2 q:26.14 aq:9.48 tex:45911 mv:4199 misc:946 imb:668 pmb:152 smb:7340 d:s ref:0 ;
in:1446 out:1447 type:b dur:2 cpbdur:2 q:26.18 aq:21.46 tex:7134 mv:3034 misc:1416 imb:109 pmb:340 smb:7711 d:s ref:0 ;
in:1449 out:1448 type:P dur:2 cpbdur:2 q:26.09 aq:9.56 tex:85880 mv:10482 misc:774 imb:6368 pmb:336 smb:1456 d:s ref:0 w:6,101,-128 ;
in:1448 out:1449 type:b dur:2 cpbdur:2 q:26.11 aq:13.26 tex:7443 mv:4922 misc:1435 imb:88 pmb:402 smb:7670 d:s ref:0 ;
in:1451 out:1450 type:P dur:2 cpbdur:2 q:26.05 aq:8.98 tex:90694 mv:10068 misc:766 imb:5100 pmb:464 smb:2596 d:s ref:0 w:5,39,-48 ;
in:1450 out:1451 type:b dur:2 cpbdur:2 q:26.07 aq:15.86 tex:770 mv:583 misc:1127 imb:11 pmb:234 smb:7915 d:s ref:0 ;
in:1452 out:1452 type:P dur:2 cpbdur:2 q:26.02 aq:3.88 tex:93080 mv:8455 misc:625 imb:2626 pmb:566 smb:4968 d:s ref:0 w:6,73,-31 ;
in:1453 out:1453 type:P dur:2 cpbdur:2 q:26.01 aq:7.48 tex:229936 mv:7917 misc:1291 imb:2607 pmb:520 smb:5033 d:s ref:0 w:3,9,-28 ;
in:1455 out:1454 type:P dur:2 cpbdur:2 q:26.01 aq:8.73 tex:179772 mv:7804 misc:608 imb:2288 pmb:623 smb:5249 d:s ref:0 w:6,71,-24 ;
in:1454 out:1455 type:b dur:2 cpbdur:2 q:26.01 aq:15.16 tex:9828 mv:5280 misc:1300 imb:31 pmb:369 smb:7760 d:t ref:0 ;
in:1457 out:1456 type:P dur:2 cpbdur:2 q:25.99 aq:9.32 tex:135628 mv:5553 misc:1339 imb:195 pmb:671 smb:7294 d:s ref:0 w:5,33,-7 ;
in:1456 out:1457 type:b dur:2 cpbdur:2 q:26.00 aq:15.48 tex:7314 mv:3734 misc:1520 imb:36 pmb:409 smb:7715 d:s ref:0 ;
in:1461 out:1458 type:P dur:2 cpbdur:2 q:25.96 aq:8.83 tex:149204 mv:5007 misc:1429 imb:179 pmb:663 smb:7318 d:s ref:0 w:5,33,-7,6,67,-6,64,0 ;
in:1459 out:1459 type:B dur:2 cpbdur:2 q:25.97 aq:13.14 tex:8382 mv:3003 misc:1423 imb:16 pmb:353 smb:7791 d:s ref:0 ;
in:1458 out:1460 type:b dur:2 cpbdur:2 q:25.98 aq:12.07 tex:448 mv:287 misc:921 imb:2 pmb:125 smb:8033 d:s ref:0 ;
in:1460 out:1461 type:b dur:2 cpbdur:2 q:25.96 aq:16.03 tex:6084 mv:2104 misc:1508 imb:8 pmb:373 smb:7779 d:- ref:0 ;
in:1463 out:1462 type:P dur:2 cpbdur:2 q:25.96 aq:8.67 tex:76750 mv:2637 misc:1485 imb:90 pmb:447 smb:7623 d:s ref:0 ;
in:1462 out:1463 type:b dur:2 cpbdur:2 q:25.96 aq:16.79 tex:2642 mv:779 misc:947 imb:6 pmb:123 smb:8031 d:s ref:0 ;
in:1467 out:1464 type:P dur:2 cpbdur:2 q:25.95 aq:8.73 tex:67014 mv:2093 misc:1493 imb:86 pmb:442 smb:7632 d:s ref:0 ;
in:1465 out:1465 type:B dur:2 cpbdur:2 q:25.95 aq:16.35 tex:1178 mv:258 misc:740 imb:6 pmb:50 smb:8104 d:s ref:0 ;
in:1464 out:1466 type:b dur:2 cpbdur:2 q:25.96 aq:14.68 tex:234 mv:267 misc:835 imb:5 pmb:95 smb:8060 d:s ref:0 ;
in:1466 out:1467 type:b dur:2 cpbdur:2 q:25.95 aq:12.18 tex:221 mv:113 misc:554 imb:2 pmb:21 smb:8137 d:- ref:0 ;
in:1471 out:1468 type:P dur:2 cpbdur:2 q:25.86 aq:10.82 tex:54747 mv:1324 misc:1345 imb:34 pmb:359 smb:7767 d:s ref:0 ;
in:1469 out:1469 type:B dur:2 cpbdur:2 q:25.91 aq:15.23 tex:403 mv:241 misc:764 imb:2 pmb:62 smb:8096 d:s ref:0 ;
in:1468 out:1470 type:b dur:2 cpbdur:2 q:25.93 aq:15.93 tex:167 mv:129 misc:552 imb:1 pmb:23 smb:8136 d:s ref:0 ;
in:1470 out:1471 type:b dur:2 cpbdur:2 q:25.89 aq:28.63 tex:36 mv:32 misc:428 imb:2 pmb:2 smb:8156 d:- ref:0 ;
in:1475 out:1472 type:P dur:2 cpbdur:2 q:25.78 aq:11.47 tex:50410 mv:1072 misc:1158 imb:21 pmb:325 smb:7814 d:s ref:0 ;
in:1473 out:1473 type:B dur:2 cpbdur:2 q:25.82 aq:19.99 tex:399 mv:170 misc:639 imb:7 pmb:27 smb:8126 d:s ref:0 ;
in:1472 out:1474 type:b dur:2 cpbdur:2 q:25.84 aq:11.00 tex:24 mv:91 misc:517 imb:3 pmb:13 smb:8144 d:s ref:0 ;
in:1474 out:1475 type:b dur:2 cpbdur:2 q:25.80 aq:21.29 tex:53 mv:102 misc:517 imb:2 pmb:15 smb:8143 d:- ref:0 ;
in:1479 out:1476 type:P dur:2 cpbdur:2 q:25.68 aq:8.77 tex:48000 mv:840 misc:1200 imb:30 pmb:303 smb:7827 d:s ref:0 ;
in:1477 out:1477 type:B dur:2 cpbdur:2 q:25.73 aq:12.99 tex:267 mv:215 misc:630 imb:5 pmb:28 smb:8127 d:s ref:0 ;
in:1476 out:1478 type:b dur:2 cpbdur:2 q:25.75 aq:15.08 tex:97 mv:86 misc:513 imb:2 pmb:13 smb:8145 d:s ref:0 ;
in:1478 out:1479 type:b dur:2 cpbdur:2 q:25.70 aq:14.96 tex:38 mv:58 misc:480 imb:1 pmb:9 smb:8150 d:- ref:0 ;
in:1483 out:1480 type:P dur:2 cpbdur:2 q:25.57 aq:11.35 tex:55662 mv:1162 misc:1152 imb:42 pmb:305 smb:7813 d:s ref:0 ;
in:1481 out:1481 type:B dur:2 cpbdur:2 q:25.62 aq:18.36 tex:282 mv:149 misc:617 imb:3 pmb:27 smb:8130 d:s ref:0 ;
in:1480 out:1482 type:b dur:2 cpbdur:2 q:25.65 aq:22.88 tex:60 mv:66 misc:482 imb:1 pmb:10 smb:8149 d:s ref:0 ;
in:1482 out:1483 type:b dur:2 cpbdur:2 q:25.60 aq:21.66 tex:114 mv:98 misc:532 imb:2 pmb:17 smb:8141 d:- ref:0 ;
in:1487 out:1484 type:P dur:2 cpbdur:2 q:25.47 aq:11.76 tex:40634 mv:797 misc:1177 imb:25 pmb:297 smb:7838 d:s ref:0 ;
in:1485 out:1485 type:B dur:2 cpbdur:2 q:25.52 aq:13.88 tex:279 mv:194 misc:631 imb:7 pmb:28 smb:8125 d:s ref:0 ;
in:1484 out:1486 type:b dur:2 cpbdur:2 q:25.55 aq:15.68 tex:38 mv:45 misc:469 imb:0 pmb:8 smb:8152 d:s ref:0 ;
in:1486 out:1487 type:b dur:2 cpbdur:2 q:25.50 aq:10.07 tex:83 mv:66 misc:475 imb:2 pmb:9 smb:8149 d:- ref:0 ;
in:1491 out:1488 type:P dur:2 cpbdur:2 q:25.39 aq:11.71 tex:39842 mv:954 misc:1124 imb:31 pmb:285 smb:7844 d:s ref:0 ;
in:1489 out:1489 type:B dur:2 cpbdur:2 q:25.43 aq:14.32 tex:279 mv:224 misc:649 imb:5 pmb:30 smb:8125 d:s ref:0 ;
in:1488 out:1490 type:b dur:2 cpbdur:2 q:25.45 aq:21.10 tex:105 mv:96 misc:551 imb:1 pmb:22 smb:8137 d:s ref:0 ;
in:1490 out:1491 type:b dur:2 cpbdur:2 q:25.41 aq:19.94 tex:42 mv:35 misc:451 imb:0 pmb:7 smb:8153 d:- ref:0 ;
in:1495 out:1492 type:P dur:2 cpbdur:2 q:25.28 aq:11.75 tex:50181 mv:1184 misc:1123 imb:36 pmb:301 smb:7823 d:s ref:0 ;
in:1493 out:1493 type:B dur:2 cpbdur:2 q:25.33 aq:14.25 tex:273 mv:184 misc:647 imb:1 pmb:36 smb:8123 d:s ref:0 ;
in:1492 out:1494 type:b dur:2 cpbdur:2 q:25.36 aq:11.21 tex:102 mv:96 misc:506 imb:4 pmb:10 smb:8146 d:s ref:0 ;
in:1494 out:1495 type:b dur:2 cpbdur:2 q:25.31 aq:14.02 tex:135 mv:107 misc:582 imb:2 pmb:23 smb:8135 d:- ref:0 ;
in:1499 out:1496 type:P dur:2 cpbdur:2 q:25.17 aq:12.09 tex:43576 mv:874 misc:1158 imb:24 pmb:302 smb:7834 d:s ref:0 ;
in:1497 out:1497 type:B dur:2 cpbdur:2 q:25.23 aq:12.96 tex:194 mv:162 misc:604 imb:3 pmb:26 smb:8131 d:s ref:0 ;
in:1496 out:1498 type:b dur:2 cpbdur:2 q:25.25 aq:13.86 tex:89 mv:74 misc:501 imb:2 pmb:11 smb:8147 d:s ref:0 ;
in:1498 out:1499 type:b dur:2 cpbdur:2 q:25.20 aq:16.02 tex:48 mv:32 misc:456 imb:0 pmb:6 smb:8154 d:- ref:0 ;
in:1503 out:1500 type:P dur:2 cpbdur:2 q:25.07 aq:9.99 tex:54490 mv:1187 misc:1155 imb:34 pmb:309 smb:7817 d:s ref:0 ;
in:1501 out:1501 type:B dur:2 cpbdur:2 q:25.12 aq:12.75 tex:254 mv:198 misc:652 imb:6 pmb:30 smb:8124 d:s ref:0 ;
in:1500 out:1502 type:b dur:2 cpbdur:2 q:25.15 aq:22.49 tex:103 mv:77 misc:500 imb:2 pmb:13 smb:8145 d:s ref:0 ;
in:1502 out:1503 type:b dur:2 cpbdur:2 q:25.10 aq:20.80 tex:174 mv:62 misc:500 imb:0 pmb:14 smb:8146 d:- ref:0 ;
in:1507 out:1504 type:P dur:2 cpbdur:2 q:24.98 aq:10.62 tex:48934 mv:889 misc:1249 imb:26 pmb:317 smb:7817 d:s ref:0 ;
in:1505 out:1505 type:B dur:2 cpbdur:2 q:25.03 aq:20.28 tex:253 mv:175 misc:628 imb:4 pmb:33 smb:8123 d:s ref:0 ;
in:1504 out:1506 type:b dur:2 cpbdur:2 q:25.05 aq:10.38 tex:65 mv:51 misc:468 imb:1 pmb:7 smb:8152 d:s ref:0 ;
in:1506 out:1507 type:b dur:2 cpbdur:2 q:25.01 aq:15.84 tex:146 mv:106 misc:564 imb:0 pmb:23 smb:8137 d:- ref:0 ;
in:1511 out:1508 type:P dur:2 cpbdur:2 q:24.88 aq:13.11 tex:45365 mv:921 misc:1114 imb:21 pmb:286 smb:7853 d:s ref:0 ;
in:1509 out:1509 type:B dur:2 cpbdur:2 q:24.93 aq:13.36 tex:184 mv:155 misc:621 imb:3 pmb:32 smb:8125 d:s ref:0 ;
in:1508 out:1510 type:b dur:2 cpbdur:2 q:24.96 aq:21.10 tex:226 mv:80 misc:494 imb:2 pmb:11 smb:8147 d:s ref:0 ;
in:1510 out:1511 type:b dur:2 cpbdur:2 q:24.90 aq:16.67 tex:57 mv:44 misc:467 imb:0 pmb:11 smb:8149 d:- ref:0 ;
in:1515 out:1512 type:P dur:2 cpbdur:2 q:24.77 aq:11.01 tex:52348 mv:1105 misc:1155 imb:26 pmb:313 smb:7821 d:s ref:0 ;
in:1513 out:1513 type:B dur:2 cpbdur:2 q:24.82 aq:18.75 tex:178 mv:146 misc:628 imb:4 pmb:27 smb:8129 d:s ref:0 ;
in:1512 out:1514 type:b dur:2 cpbdur:2 q:24.85 aq:12.63 tex:142 mv:73 misc:513 imb:2 pmb:12 smb:8146 d:s ref:0 ;
in:1514 out:1515 type:b dur:2 cpbdur:2 q:24.80 aq:16.67 tex:34 mv:50 misc:460 imb:0 pmb:7 smb:8153 d:- ref:0 ;
in:1519 out:1516 type:P dur:2 cpbdur:2 q:24.67 aq:11.31 tex:44164 mv:906 misc:1194 imb:30 pmb:296 smb:7834 d:s ref:0 ;
in:1517 out:1517 type:B dur:2 cpbdur:2 q:24.72 aq:11.84 tex:422 mv:289 misc:745 imb:6 pmb:51 smb:8103 d:s ref:0 ;
in:1516 out:1518 type:b dur:2 cpbdur:2 q:24.75 aq:23.29 tex:108 mv:103 misc:549 imb:0 pmb:20 smb:8140 d:s ref:0 ;
in:1518 out:1519 type:b dur:2 cpbdur:2 q:24.70 aq:16.67 tex:41 mv:59 misc:492 imb:0 pmb:14 smb:8146 d:- ref:0 ;
in:1521 out:1520 type:P dur:2 cpbdur:2 q:24.58 aq:10.42 tex:57407 mv:2625 misc:1688 imb:555 pmb:372 smb:7233 d:s ref:0 ;
in:1520 out:1521 type:b dur:2 cpbdur:2 q:24.62 aq:14.83 tex:246 mv:241 misc:977 imb:3 pmb:165 smb:7992 d:s ref:0 ;
in:1523 out:1522 type:P dur:2 cpbdur:2 q:24.53 aq:10.53 tex:106321 mv:5589 misc:1490 imb:634 pmb:440 smb:7086 d:s ref:0 ;
in:1522 out:1523 type:b dur:2 cpbdur:2 q:24.56 aq:18.48 tex:9849 mv:3155 misc:1396 imb:69 pmb:400 smb:7691 d:s ref:0 ;
in:1526 out:1524 type:P dur:2 cpbdur:2 q:24.48 aq:10.01 tex:152358 mv:7282 misc:1416 imb:558 pmb:523 smb:7079 d:s ref:0 ;
in:1524 out:1525 type:B dur:2 cpbdur:2 q:24.52 aq:15.14 tex:404 mv:355 misc:985 imb:4 pmb:154 smb:8002 d:s ref:0 ;
in:1525 out:1526 type:b dur:2 cpbdur:2 q:24.50 aq:22.22 tex:12683 mv:4831 misc:1422 imb:54 pmb:445 smb:7661 d:- ref:0 ;
in:1527 out:1527 type:P dur:2 cpbdur:2 q:24.45 aq:15.91 tex:148609 mv:7567 misc:1528 imb:417 pmb:697 smb:7046 d:s ref:0 ;
in:1528 out:1528 type:P dur:2 cpbdur:2 q:24.46 aq:7.98 tex:154393 mv:7477 misc:1490 imb:364 pmb:801 smb:6995 d:s ref:0 ;
in:1529 out:1529 type:P dur:2 cpbdur:2 q:24.46 aq:10.93 tex:293150 mv:8021 misc:1653 imb:405 pmb:820 smb:6935 d:s ref:0 ;
in:1531 out:1530 type:P dur:2 cpbdur:2 q:24.49 aq:15.70 tex:164392 mv:5725 misc:1659 imb:297 pmb:873 smb:6990 d:s ref:0 ;
in:1530 out:1531 type:b dur:2 cpbdur:2 q:24.47 aq:13.82 tex:663 mv:321 misc:1216 imb:1 pmb:258 smb:7901 d:s ref:0 ;
in:1533 out:1532 type:P dur:2 cpbdur:2 q:24.44 aq:7.56 tex:279578 mv:7113 misc:1709 imb:371 pmb:943 smb:6846 d:s ref:0 ;
in:1532 out:1533 type:b dur:2 cpbdur:2 q:24.46 aq:15.91 tex:10838 mv:5501 misc:1493 imb:57 pmb:399 smb:7704 d:t ref:0 ;
in:1537 out:1534 type:P dur:2 cpbdur:2 q:24.46 aq:7.68 tex:285970 mv:6982 misc:1600 imb:268 pmb:1035 smb:6857 d:s ref:0 ;
in:1535 out:1535 type:B dur:2 cpbdur:2 q:24.45 aq:12.09 tex:16314 mv:4959 misc:1743 imb:48 pmb:471 smb:7641 d:s ref:0 ;
in:1534 out:1536 type:b dur:2 cpbdur:2 q:24.44 aq:17.24 tex:8074 mv:3030 misc:1184 imb:31 pmb:273 smb:7856 d:s ref:0 ;
in:1536 out:1537 type:b dur:2 cpbdur:2 q:24.45 aq:15.19 tex:7765 mv:2910 misc:1437 imb:22 pmb:371 smb:7767 d:- ref:0 ;
in:1541 out:1538 type:P dur:2 cpbdur:2 q:24.50 aq:8.09 tex:144438 mv:4255 misc:1907 imb:213 pmb:872 smb:7075 d:s ref:0 ;
in:1539 out:1539 type:B dur:2 cpbdur:2 q:24.48 aq:15.29 tex:7524 mv:1993 misc:1307 imb:13 pmb:290 smb:7857 d:s ref:0 ;
in:1538 out:1540 type:b dur:2 cpbdur:2 q:24.47 aq:14.25 tex:165 mv:153 misc:802 imb:0 pmb:89 smb:8071 d:s ref:0 ;
in:1540 out:1541 type:b dur:2 cpbdur:2 q:24.49 aq:15.21 tex:2237 mv:974 misc:1013 imb:18 pmb:155 smb:7987 d:- ref:0 ;
in:1543 out:1542 type:P dur:2 cpbdur:2 q:24.45 aq:8.25 tex:87296 mv:2279 misc:2017 imb:56 pmb:659 smb:7445 d:s ref:0 ;
in:1542 out:1543 type:b dur:2 cpbdur:2 q:24.48 aq:16.26 tex:378 mv:214 misc:688 imb:4 pmb:44 smb:8112 d:s ref:0 ;
in:1547 out:1544 type:P dur:2 cpbdur:2 q:24.43 aq:8.24 tex:91436 mv:2197 misc:1791 imb:58 pmb:654 smb:7448 d:s ref:0 ;
in:1545 out:1545 type:B dur:2 cpbdur:2 q:24.44 aq:16.61 tex:877 mv:332 misc:911 imb:2 pmb:79 smb:8079 d:s ref:0 ;
in:1544 out:1546 type:b dur:2 cpbdur:2 q:24.45 aq:14.35 tex:217 mv:148 misc:611 imb:1 pmb:29 smb:8130 d:s ref:0 ;
in:1546 out:1547 type:b dur:2 cpbdur:2 q:24.43 aq:13.49 tex:328 mv:168 misc:624 imb:3 pmb:30 smb:8127 d:- ref:0 ;
in:1549 out:1548 type:P dur:2 cpbdur:2 q:24.35 aq:8.11 tex:74528 mv:1289 misc:2063 imb:38 pmb:606 smb:7516 d:s ref:0 ;
in:1548 out:1549 type:b dur:2 cpbdur:2 q:24.39 aq:15.78 tex:389 mv:215 misc:652 imb:4 pmb:36 smb:8120 d:s ref:0 ;
in:1551 out:1550 type:P dur:2 cpbdur:2 q:24.30 aq:11.84 tex:48896 mv:903 misc:1801 imb:21 pmb:497 smb:7642 d:s ref:0 ;
in:1550 out:1551 type:b dur:2 cpbdur:2 q:24.32 aq:14.25 tex:64 mv:74 misc:542 imb:0 pmb:20 smb:8140 d:s ref:0 ;
in:1553 out:1552 type:P dur:2 cpbdur:2 q:24.25 aq:11.28 tex:72100 mv:1262 misc:1782 imb:33 pmb:559 smb:7568 d:s ref:0 ;
in:1552 out:1553 type:b dur:2 cpbdur:2 q:24.28 aq:16.05 tex:231 mv:86 misc:547 imb:1 pmb:18 smb:8141 d:s ref:0 ;
in:1555 out:1554 type:P dur:2 cpbdur:2 q:24.21 aq:11.75 tex:69789 mv:1386 misc:1817 imb:33 pmb:580 smb:7547 d:s ref:0 ;
in:1554 out:1555 type:b dur:2 cpbdur:2 q:24.23 aq:9.70 tex:248 mv:138 misc:590 imb:2 pmb:23 smb:8135 d:s ref:0 ;
in:1559 out:1556 type:P dur:2 cpbdur:2 q:24.17 aq:11.58 tex:87342 mv:1834 misc:1648 imb:52 pmb:569 smb:7539 d:s ref:0 ;
in:1557 out:1557 type:B dur:2 cpbdur:2 q:24.19 aq:10.92 tex:633 mv:284 misc:859 imb:5 pmb:64 smb:8091 d:s ref:0 ;
in:1556 out:1558 type:b dur:2 cpbdur:2 q:24.20 aq:17.35 tex:391 mv:186 misc:655 imb:1 pmb:38 smb:8121 d:s ref:0 ;
in:1558 out:1559 type:b dur:2 cpbdur:2 q:24.18 aq:15.44 tex:63 mv:72 misc:537 imb:0 pmb:18 smb:8142 d:- ref:0 ;
in:1561 out:1560 type:P dur:2 cpbdur:2 q:24.07 aq:10.64 tex:77912 mv:1072 misc:1792 imb:38 pmb:599 smb:7523 d:s ref:0 ;
in:1560 out:1561 type:b dur:2 cpbdur:2 q:24.12 aq:14.52 tex:230 mv:122 misc:600 imb:2 pmb:26 smb:8132 d:s ref:0 ;
in:1563 out:1562 type:P dur:2 cpbdur:2 q:24.04 aq:12.12 tex:66293 mv:1281 misc:1730 imb:36 pmb:564 smb:7560 d:s ref:0 ;
in:1562 out:1563 type:b dur:2 cpbdur:2 q:24.06 aq:15.49 tex:443 mv:191 misc:678 imb:2 pmb:38 smb:8120 d:s ref:0 ;
in:1567 out:1564 type:P dur:2 cpbdur:2 q:23.99 aq:11.59 tex:89373 mv:1721 misc:1586 imb:40 pmb:561 smb:7559 d:s ref:0 ;
in:1565 out:1565 type:B dur:2 cpbdur:2 q:24.02 aq:15.83 tex:707 mv:239 misc:814 imb:0 pmb:62 smb:8098 d:s ref:0 ;
in:1564 out:1566 type:b dur:2 cpbdur:2 q:24.03 aq:15.10 tex:65 mv:44 misc:475 imb:0 pmb:9 smb:8151 d:s ref:0 ;
in:1566 out:1567 type:b dur:2 cpbdur:2 q:24.00 aq:20.77 tex:218 mv:144 misc:622 imb:2 pmb:30 smb:8128 d:- ref:0 ;
in:1571 out:1568 type:P dur:2 cpbdur:2 q:23.91 aq:11.30 tex:93753 mv:1692 misc:1587 imb:38 pmb:582 smb:7540 d:s ref:0 ;
in:1569 out:1569 type:B dur:2 cpbdur:2 q:23.95 aq:13.37 tex:528 mv:270 misc:802 imb:2 pmb:62 smb:8096 d:s ref:0 ;
in:1568 out:1570 type:b dur:2 cpbdur:2 q:23.97 aq:16.27 tex:550 mv:197 misc:669 imb:4 pmb:37 smb:8119 d:s ref:0 ;
in:1570 out:1571 type:b dur:2 cpbdur:2 q:23.93 aq:15.57 tex:147 mv:83 misc:538 imb:0 pmb:18 smb:8142 d:- ref:0 ;
in:1575 out:1572 type:P dur:2 cpbdur:2 q:23.81 aq:10.96 tex:109132 mv:2019 misc:1561 imb:55 pmb:603 smb:7502 d:s ref:0 ;
in:1573 out:1573 type:B dur:2 cpbdur:2 q:23.86 aq:13.20 tex:815 mv:342 misc:995 imb:2 pmb:94 smb:8064 d:s ref:0 ;
in:1572 out:1574 type:b dur:2 cpbdur:2 q:23.89 aq:19.75 tex:347 mv:130 misc:659 imb:1 pmb:37 smb:8122 d:s ref:0 ;
in:1574 out:1575 type:b dur:2 cpbdur:2 q:23.84 aq:16.23 tex:229 mv:135 misc:620 imb:1 pmb:31 smb:8128 d:- ref:0 ;
in:1577 out:1576 type:P dur:2 cpbdur:2 q:23.72 aq:11.44 tex:60577 mv:1152 misc:1711 imb:32 pmb:527 smb:7601 d:s ref:0 ;
in:1576 out:1577 type:b dur:2 cpbdur:2 q:23.77 aq:14.59 tex:276 mv:127 misc:581 imb:0 pmb:27 smb:8133 d:s ref:0 ;
in:1581 out:1578 type:P dur:2 cpbdur:2 q:23.69 aq:12.75 tex:89311 mv:1906 misc:1495 imb:44 pmb:584 smb:7532 d:s ref:0 ;
in:1579 out:1579 type:B dur:2 cpbdur:2 q:23.71 aq:14.36 tex:888 mv:297 misc:863 imb:5 pmb:70 smb:8085 d:s ref:0 ;
in:1578 out:1580 type:b dur:2 cpbdur:2 q:23.72 aq:17.56 tex:113 mv:87 misc:544 imb:1 pmb:19 smb:8140 d:s ref:0 ;
in:1580 out:1581 type:b dur:2 cpbdur:2 q:23.70 aq:15.68 tex:388 mv:127 misc:621 imb:0 pmb:31 smb:8129 d:- ref:0 ;
in:1584 out:1582 type:P dur:2 cpbdur:2 q:23.59 aq:10.80 tex:67122 mv:1210 misc:1500 imb:31 pmb:525 smb:7604 d:s ref:0 ;
in:1582 out:1583 type:B dur:2 cpbdur:2 q:23.66 aq:16.70 tex:467 mv:160 misc:717 imb:2 pmb:43 smb:8115 d:s ref:0 ;
in:1583 out:1584 type:b dur:2 cpbdur:2 q:23.63 aq:16.66 tex:137 mv:56 misc:503 imb:0 pmb:14 smb:8146 d:- ref:0 ;
in:1586 out:1585 type:P dur:2 cpbdur:2 q:23.52 aq:12.82 tex:63637 mv:1008 misc:1523 imb:21 pmb:496 smb:7643 d:s ref:0 ;
in:1585 out:1586 type:b dur:2 cpbdur:2 q:23.56 aq:16.20 tex:349 mv:143 misc:588 imb:0 pmb:29 smb:8131 d:s ref:0 ;
in:1588 out:1587 type:P dur:2 cpbdur:2 q:23.47 aq:12.42 tex:114089 mv:1896 misc:1663 imb:102 pmb:622 smb:7436 d:s ref:0 ;
in:1587 out:1588 type:b dur:2 cpbdur:2 q:23.50 aq:14.15 tex:295 mv:323 misc:774 imb:11 pmb:84 smb:8065 d:s ref:0 ;
in:1592 out:1589 type:P dur:2 cpbdur:2 q:23.44 aq:11.28 tex:86148 mv:1851 misc:1753 imb:43 pmb:634 smb:7483 d:s ref:0 ;
in:1590 out:1590 type:B dur:2 cpbdur:2 q:23.46 aq:14.04 tex:1029 mv:317 misc:1038 imb:1 pmb:109 smb:8050 d:s ref:0 ;
in:1589 out:1591 type:b dur:2 cpbdur:2 q:23.47 aq:13.64 tex:185 mv:158 misc:657 imb:1 pmb:36 smb:8123 d:s ref:0 ;
in:1591 out:1592 type:b dur:2 cpbdur:2 q:23.45 aq:12.15 tex:73 mv:76 misc:507 imb:1 pmb:12 smb:8147 d:- ref:0 ;
in:1594 out:1593 type:P dur:2 cpbdur:2 q:23.35 aq:12.20 tex:65056 mv:1001 misc:1607 imb:37 pmb:530 smb:7593 d:s ref:0 ;
in:1593 out:1594 type:b dur:2 cpbdur:2 q:23.40 aq:13.15 tex:180 mv:111 misc:597 imb:0 pmb:29 smb:8131 d:s ref:0 ;
in:1596 out:1595 type:P dur:2 cpbdur:2 q:23.31 aq:12.07 tex:53927 mv:1108 misc:1589 imb:28 pmb:469 smb:7663 d:s ref:0 ;
in:1595 out:1596 type:b dur:2 cpbdur:2 q:23.33 aq:18.43 tex:277 mv:199 misc:612 imb:3 pmb:29 smb:8128 d:s ref:0 ;
in:1598 out:1597 type:P dur:2 cpbdur:2 q:23.26 aq:12.36 tex:43624 mv:850 misc:1526 imb:21 pmb:431 smb:7708 d:s ref:0 ;
in:1597 out:1598 type:b dur:2 cpbdur:2 q:23.29 aq:15.20 tex:355 mv:123 misc:626 imb:1 pmb:33 smb:8126 d:s ref:0 ;
in:1600 out:1599 type:P dur:2 cpbdur:2 q:23.22 aq:11.11 tex:56587 mv:1137 misc:1484 imb:26 pmb:469 smb:7665 d:s ref:0 ;
in:1599 out:1600 type:b dur:2 cpbdur:2 q:23.24 aq:14.28 tex:660 mv:186 misc:698 imb:3 pmb:43 smb:8114 d:s ref:0 ;
in:1602 out:1601 type:P dur:2 cpbdur:2 q:23.17 aq:10.61 tex:50753 mv:1328 misc:1687 imb:53 pmb:463 smb:7644 d:s ref:0 ;
in:1601 out:1602 type:b dur:2 cpbdur:2 q:23.20 aq:16.17 tex:511 mv:183 misc:650 imb:1 pmb:35 smb:8124 d:s ref:0 ;
in:1606 out:1603 type:P dur:2 cpbdur:2 q:23.12 aq:12.19 tex:56983 mv:1591 misc:1514 imb:40 pmb:481 smb:7639 d:s ref:0 ;
in:1604 out:1604 type:B dur:2 cpbdur:2 q:23.15 aq:11.25 tex:2065 mv:383 misc:1088 imb:2 pmb:119 smb:8039 d:s ref:0 ;
in:1603 out:1605 type:b dur:2 cpbdur:2 q:23.16 aq:18.99 tex:143 mv:98 misc:607 imb:0 pmb:29 smb:8131 d:s ref:0 ;
in:1605 out:1606 type:b dur:2 cpbdur:2 q:23.14 aq:14.27 tex:341 mv:196 misc:663 imb:3 pmb:37 smb:8120 d:- ref:0 ;
in:1608 out:1607 type:P dur:2 cpbdur:2 q:23.02 aq:11.44 tex:38958 mv:1238 misc:1524 imb:33 pmb:440 smb:7687 d:s ref:0 ;
in:1607 out:1608 type:b dur:2 cpbdur:2 q:23.07 aq:15.06 tex:489 mv:207 misc:680 imb:4 pmb:40 smb:8116 d:s ref:0 ;
in:1612 out:1609 type:P dur:2 cpbdur:2 q:22.97 aq:12.33 tex:27895 mv:1325 misc:1524 imb:32 pmb:365 smb:7763 d:s ref:0 ;
in:1610 out:1610 type:B dur:2 cpbdur:2 q:23.00 aq:13.62 tex:1541 mv:358 misc:1045 imb:6 pmb:109 smb:8045 d:s ref:0 ;
in:1609 out:1611 type:b dur:2 cpbdur:2 q:23.01 aq:17.46 tex:270 mv:192 misc:650 imb:2 pmb:38 smb:8120 d:s ref:0 ;
in:1611 out:1612 type:b dur:2 cpbdur:2 q:22.98 aq:16.10 tex:158 mv:99 misc:591 imb:0 pmb:26 smb:8134 d:- ref:0 ;
in:1615 out:1613 type:P dur:2 cpbdur:2 q:22.86 aq:16.19 tex:5163 mv:740 misc:1265 imb:27 pmb:145 smb:7988 d:s ref:0 ;
in:1613 out:1614 type:B dur:2 cpbdur:2 q:22.93 aq:17.05 tex:552 mv:225 misc:719 imb:6 pmb:41 smb:8113 d:s ref:0 ;
in:1614 out:1615 type:b dur:2 cpbdur:2 q:22.89 aq:21.02 tex:537 mv:204 misc:715 imb:4 pmb:43 smb:8113 d:- ref:0 ;
in:1616 out:1616 type:I dur:2 cpbdur:2 q:20.40 aq:11.89 tex:1218280 mv:294626 misc:862 imb:8160 pmb:0 smb:0 d:s ref:;
in:1620 out:1617 type:P dur:2 cpbdur:2 q:23.12 aq:14.81 tex:367614 mv:50333 misc:3421 imb:861 pmb:6278 smb:1021 d:s ref:0 ;
in:1618 out:1618 type:B dur:2 cpbdur:2 q:23.12 aq:17.20 tex:72411 mv:33496 misc:7333 imb:36 pmb:4314 smb:3810 d:s ref:0 ;
in:1617 out:1619 type:b dur:2 cpbdur:2 q:23.12 aq:19.42 tex:2992 mv:2917 misc:4835 imb:0 pmb:1238 smb:6922 d:s ref:0 ;
in:1619 out:1620 type:b dur:2 cpbdur:2 q:23.12 aq:18.91 tex:9417 mv:6714 misc:5733 imb:16 pmb:1578 smb:6566 d:- ref:0 ;
in:1623 out:1621 type:P dur:2 cpbdur:2 q:23.12 aq:14.56 tex:499275 mv:47081 misc:3036 imb:778 pmb:5965 smb:1417 d:s ref:0 ;
in:1621 out:1622 type:B dur:2 cpbdur:2 q:23.12 aq:18.87 tex:39973 mv:24218 misc:6737 imb:89 pmb:2798 smb:5273 d:s ref:0 ;
in:1622 out:1623 type:b dur:2 cpbdur:2 q:23.12 aq:19.65 tex:21934 mv:14091 misc:5143 imb:74 pmb:1560 smb:6526 d:- ref:0 ;
in:1627 out:1624 type:P dur:2 cpbdur:2 q:23.27 aq:15.73 tex:257955 mv:34705 misc:4164 imb:313 pmb:5835 smb:2012 d:s ref:0 ;
in:1625 out:1625 type:B dur:2 cpbdur:2 q:23.19 aq:18.55 tex:19736 mv:8158 misc:6370 imb:17 pmb:1878 smb:6265 d:s ref:0 ;
in:1624 out:1626 type:b dur:2 cpbdur:2 q:23.16 aq:19.71 tex:4110 mv:2435 misc:4007 imb:3 pmb:876 smb:7281 d:s ref:0 ;
in:1626 out:1627 type:b dur:2 cpbdur:2 q:23.23 aq:19.75 tex:13144 mv:6645 misc:5571 imb:25 pmb:1505 smb:6630 d:- ref:0 ;
in:1630 out:1628 type:P dur:2 cpbdur:2 q:23.29 aq:14.54 tex:629313 mv:54574 misc:1865 imb:1511 pmb:6128 smb:521 d:s ref:0 ;
in:1628 out:1629 type:B dur:2 cpbdur:2 q:23.27 aq:18.41 tex:31843 mv:21554 misc:7683 imb:92 pmb:3214 smb:4854 d:s ref:0 ;
in:1629 out:1630 type:b dur:2 cpbdur:2 q:23.28 aq:19.51 tex:13073 mv:8824 misc:6311 imb:23 pmb:1866 smb:6271 d:- ref:0 ;
in:1634 out:1631 type:P dur:2 cpbdur:2 q:23.38 aq:15.53 tex:288389 mv:40112 misc:3659 imb:402 pmb:6192 smb:1566 d:s ref:0 ;
in:1632 out:1632 type:B dur:2 cpbdur:2 q:23.34 aq:18.64 tex:27484 mv:16393 misc:6827 imb:36 pmb:2471 smb:5653 d:s ref:0 ;
in:1631 out:1633 type:b dur:2 cpbdur:2 q:23.31 aq:19.33 tex:4172 mv:3176 misc:4588 imb:0 pmb:1109 smb:7051 d:s ref:0 ;
in:1633 out:1634 type:b dur:2 cpbdur:2 q:23.36 aq:19.63 tex:15269 mv:10955 misc:6152 imb:10 pmb:1974 smb:6176 d:- ref:0 ;
in:1637 out:1635 type:P dur:2 cpbdur:2 q:23.42 aq:14.84 tex:362173 mv:50759 misc:3164 imb:1092 pmb:6149 smb:919 d:s ref:0 ;
in:1635 out:1636 type:B dur:2 cpbdur:2 q:23.39 aq:18.78 tex:46644 mv:26126 misc:7094 imb:44 pmb:3269 smb:4847 d:s ref:0 ;
in:1636 out:1637 type:b dur:2 cpbdur:2 q:23.41 aq:19.52 tex:12245 mv:7774 misc:6101 imb:23 pmb:1777 smb:6360 d:- ref:0 ;
in:1641 out:1638 type:P dur:2 cpbdur:2 q:23.46 aq:15.79 tex:286689 mv:45185 misc:3558 imb:605 pmb:6152 smb:1403 d:s ref:0 ;
in:1639 out:1639 type:B dur:2 cpbdur:2 q:23.44 aq:18.75 tex:39780 mv:26962 misc:7690 imb:33 pmb:3660 smb:4467 d:s ref:0 ;
in:1638 out:1640 type:b dur:2 cpbdur:2 q:23.43 aq:19.56 tex:4489 mv:3988 misc:4787 imb:0 pmb:1133 smb:7027 d:s ref:0 ;
in:1640 out:1641 type:b dur:2 cpbdur:2 q:23.45 aq:20.00 tex:16021 mv:12441 misc:6274 imb:22 pmb:2016 smb:6122 d:- ref:0 ;
in:1643 out:1642 type:P dur:2 cpbdur:2 q:23.46 aq:15.76 tex:231694 mv:40780 misc:4398 imb:518 pmb:6115 smb:1527 d:s ref:0 ;
in:1642 out:1643 type:b dur:2 cpbdur:2 q:23.46 aq:19.53 tex:12634 mv:8730 misc:6724 imb:22 pmb:2128 smb:6010 d:s ref:0 ;
in:1647 out:1644 type:P dur:2 cpbdur:2 q:23.49 aq:15.11 tex:646634 mv:64847 misc:1935 imb:1961 pmb:5629 smb:570 d:s ref:0 ;
in:1645 out:1645 type:B dur:2 cpbdur:2 q:23.48 aq:19.12 tex:80733 mv:42972 misc:7055 imb:207 pmb:4988 smb:2965 d:s ref:0 ;
in:1644 out:1646 type:b dur:2 cpbdur:2 q:23.47 aq:19.08 tex:7511 mv:6683 misc:6478 imb:5 pmb:2055 smb:6100 d:s ref:0 ;
in:1646 out:1647 type:b dur:2 cpbdur:2 q:23.48 aq:19.77 tex:46119 mv:36928 misc:7761 imb:144 pmb:4218 smb:3798 d:- ref:0 ;
in:1651 out:1648 type:P dur:2 cpbdur:2 q:23.65 aq:15.92 tex:418964 mv:53308 misc:2944 imb:793 pmb:6004 smb:1363 d:s ref:0 ;
in:1649 out:1649 type:B dur:2 cpbdur:2 q:23.57 aq:19.52 tex:50394 mv:33045 misc:7513 imb:123 pmb:3830 smb:4207 d:s ref:0 ;
in:1648 out:1650 type:b dur:2 cpbdur:2 q:23.53 aq:19.81 tex:13398 mv:13100 misc:6670 imb:15 pmb:2307 smb:5838 d:s ref:0 ;
in:1650 out:1651 type:b dur:2 cpbdur:2 q:23.61 aq:19.39 tex:5667 mv:4205 misc:4856 imb:5 pmb:1281 smb:6874 d:- ref:0 ;
in:1655 out:1652 type:P dur:2 cpbdur:2 q:23.68 aq:15.59 tex:465635 mv:55242 misc:2779 imb:920 pmb:6110 smb:1130 d:s ref:0 ;
in:1653 out:1653 type:B dur:2 cpbdur:2 q:23.67 aq:18.24 tex:111651 mv:39297 misc:6244 imb:101 pmb:4984 smb:3075 d:s ref:0 ;
in:1652 out:1654 type:b dur:2 cpbdur:2 q:23.66 aq:20.30 tex:28862 mv:22433 misc:6873 imb:34 pmb:2753 smb:5373 d:s ref:0 ;
in:1654 out:1655 type:b dur:2 cpbdur:2 q:23.68 aq:19.88 tex:13283 mv:7097 misc:5756 imb:27 pmb:1745 smb:6388 d:- ref:0 ;
in:1659 out:1656 type:P dur:2 cpbdur:2 q:23.76 aq:15.71 tex:494100 mv:51526 misc:2798 imb:716 pmb:6049 smb:1395 d:s ref:0 ;
in:1657 out:1657 type:B dur:2 cpbdur:2 q:23.72 aq:18.17 tex:57873 mv:31911 misc:7280 imb:48 pmb:4105 smb:4007 d:s ref:0 ;
in:1656 out:1658 type:b dur:2 cpbdur:2 q:23.70 aq:20.46 tex:41444 mv:30428 misc:6920 imb:51 pmb:3804 smb:4305 d:s ref:0 ;
in:1658 out:1659 type:b dur:2 cpbdur:2 q:23.74 aq:19.54 tex:4329 mv:3537 misc:4750 imb:3 pmb:1167 smb:6990 d:- ref:0 ;
in:1663 out:1660 type:P dur:2 cpbdur:2 q:23.84 aq:15.16 tex:564016 mv:55741 misc:2075 imb:1537 pmb:6107 smb:516 d:s ref:0 ;
in:1661 out:1661 type:B dur:2 cpbdur:2 q:23.80 aq:18.57 tex:52217 mv:30081 misc:7806 imb:78 pmb:4235 smb:3847 d:s ref:0 ;
in:1660 out:1662 type:b dur:2 cpbdur:2 q:23.78 aq:20.17 tex:9149 mv:6516 misc:5639 imb:12 pmb:1608 smb:6540 d:s ref:0 ;
in:1662 out:1663 type:b dur:2 cpbdur:2 q:23.82 aq:20.00 tex:24361 mv:18048 misc:7415 imb:52 pmb:2848 smb:5260 d:- ref:0 ;
in:1667 out:1664 type:P dur:2 cpbdur:2 q:24.00 aq:16.12 tex:216394 mv:40521 misc:4461 imb:519 pmb:6105 smb:1536 d:s ref:0 ;
in:1665 out:1665 type:B dur:2 cpbdur:2 q:23.92 aq:18.66 tex:33836 mv:18421 misc:7495 imb:24 pmb:3242 smb:4894 d:s ref:0 ;
in:1664 out:1666 type:b dur:2 cpbdur:2 q:23.88 aq:20.43 tex:5064 mv:3418 misc:4926 imb:3 pmb:1131 smb:7026 d:s ref:0 ;
in:1666 out:1667 type:b dur:2 cpbdur:2 q:23.96 aq:19.89 tex:8517 mv:6103 misc:5684 imb:2 pmb:1586 smb:6572 d:- ref:0 ;
in:1670 out:1668 type:P dur:2 cpbdur:2 q:23.96 aq:15.42 tex:520294 mv:55800 misc:2602 imb:987 pmb:5919 smb:1254 d:s ref:0 ;
in:1668 out:1669 type:B dur:2 cpbdur:2 q:23.99 aq:19.69 tex:48627 mv:31924 misc:7105 imb:87 pmb:3464 smb:4609 d:s ref:0 ;
in:1669 out:1670 type:b dur:2 cpbdur:2 q:23.97 aq:20.95 tex:25833 mv:26079 misc:6720 imb:29 pmb:2705 smb:5426 d:- ref:0 ;
in:1674 out:1671 type:P dur:2 cpbdur:2 q:24.05 aq:16.03 tex:357810 mv:49786 misc:3292 imb:599 pmb:6217 smb:1344 d:s ref:0 ;
in:1672 out:1672 type:B dur:2 cpbdur:2 q:24.00 aq:18.93 tex:20163 mv:13889 misc:7052 imb:15 pmb:2653 smb:5492 d:s ref:0 ;
in:1671 out:1673 type:b dur:2 cpbdur:2 q:23.98 aq:20.25 tex:2887 mv:1176 misc:2969 imb:0 pmb:540 smb:7620 d:s ref:0 ;
in:1673 out:1674 type:b dur:2 cpbdur:2 q:24.03 aq:20.98 tex:27585 mv:22952 misc:7095 imb:39 pmb:2866 smb:5255 d:- ref:0 ;
in:1677 out:1675 type:P dur:2 cpbdur:2 q:24.06 aq:15.93 tex:469114 mv:48857 misc:3029 imb:654 pmb:6055 smb:1451 d:s ref:0 ;
in:1675 out:1676 type:B dur:2 cpbdur:2 q:24.05 aq:20.15 tex:27854 mv:22994 misc:6936 imb:47 pmb:2687 smb:5426 d:s ref:0 ;
in:1676 out:1677 type:b dur:2 cpbdur:2 q:24.06 aq:20.09 tex:9317 mv:6179 misc:4912 imb:13 pmb:1310 smb:6837 d:- ref:0 ;
in:1681 out:1678 type:P dur:2 cpbdur:2 q:24.13 aq:15.61 tex:514453 mv:56219 misc:2632 imb:1387 pmb:6021 smb:752 d:s ref:0 ;
in:1679 out:1679 type:B dur:2 cpbdur:2 q:24.10 aq:18.88 tex:33628 mv:26739 misc:7617 imb:49 pmb:3515 smb:4596 d:s ref:0 ;
in:1678 out:1680 type:b dur:2 cpbdur:2 q:24.08 aq:20.36 tex:5512 mv:3866 misc:5078 imb:5 pmb:1328 smb:6827 d:s ref:0 ;
in:1680 out:1681 type:b dur:2 cpbdur:2 q:24.11 aq:20.22 tex:26354 mv:21326 misc:7488 imb:60 pmb:3135 smb:4965 d:- ref:0 ;
in:1683 out:1682 type:P dur:2 cpbdur:2 q:24.17 aq:15.48 tex:282795 mv:39338 misc:4139 imb:476 pmb:6156 smb:1528 d:s ref:0 ;
in:1682 out:1683 type:b dur:2 cpbdur:2 q:24.15 aq:20.31 tex:13879 mv:6867 misc:6398 imb:22 pmb:1918 smb:6220 d:s ref:0 ;
in:1687 out:1684 type:P dur:2 cpbdur:2 q:24.22 aq:15.73 tex:328362 mv:45036 misc:3770 imb:616 pmb:6106 smb:1438 d:s ref:0 ;
in:1685 out:1685 type:B dur:2 cpbdur:2 q:24.20 aq:19.02 tex:34856 mv:19587 misc:6837 imb:95 pmb:2765 smb:5300 d:s ref:0 ;
in:1684 out:1686 type:b dur:2 cpbdur:2 q:24.18 aq:20.42 tex:3878 mv:2944 misc:3602 imb:0 pmb:791 smb:7369 d:s ref:0 ;
in:1686 out:1687 type:b dur:2 cpbdur:2 q:24.21 aq:20.73 tex:12066 mv:10800 misc:4694 imb:21 pmb:1388 smb:6751 d:- ref:0 ;
in:1691 out:1688 type:P dur:2 cpbdur:2 q:24.26 aq:16.55 tex:201945 mv:38864 misc:4575 imb:323 pmb:5914 smb:1923 d:s ref:0 ;
in:1689 out:1689 type:B dur:2 cpbdur:2 q:24.24 aq:19.27 tex:33779 mv:17752 misc:6797 imb:23 pmb:2971 smb:5166 d:s ref:0 ;
in:1688 out:1690 type:b dur:2 cpbdur:2 q:24.23 aq:20.10 tex:6190 mv:3757 misc:4493 imb:5 pmb:1096 smb:7059 d:s ref:0 ;
in:1690 out:1691 type:b dur:2 cpbdur:2 q:24.25 aq:20.64 tex:5050 mv:4415 misc:4751 imb:0 pmb:1238 smb:6922 d:- ref:0 ;
in:1695 out:1692 type:P dur:2 cpbdur:2 q:24.24 aq:16.05 tex:486083 mv:55041 misc:3196 imb:1131 pmb:5714 smb:1315 d:s ref:0 ;
in:1693 out:1693 type:B dur:2 cpbdur:2 q:24.25 aq:19.68 tex:60243 mv:37952 misc:7077 imb:68 pmb:4247 smb:3845 d:s ref:0 ;
in:1692 out:1694 type:b dur:2 cpbdur:2 q:24.25 aq:20.99 tex:34391 mv:26780 misc:7013 imb:51 pmb:3225 smb:4884 d:s ref:0 ;
in:1694 out:1695 type:b dur:2 cpbdur:2 q:24.24 aq:20.39 tex:8453 mv:6843 misc:5600 imb:3 pmb:1618 smb:6539 d:- ref:0 ;
in:1697 out:1696 type:P dur:2 cpbdur:2 q:24.28 aq:16.20 tex:285471 mv:40860 misc:3677 imb:505 pmb:5722 smb:1933 d:s ref:0 ;
in:1696 out:1697 type:b dur:2 cpbdur:2 q:24.26 aq:20.58 tex:8898 mv:8378 misc:5652 imb:1 pmb:1639 smb:6520 d:s ref:0 ;
in:1701 out:1698 type:P dur:2 cpbdur:2 q:24.31 aq:15.46 tex:484634 mv:52972 misc:2538 imb:1281 pmb:6051 smb:828 d:s ref:0 ;
in:1699 out:1699 type:B dur:2 cpbdur:2 q:24.29 aq:18.93 tex:25755 mv:18688 misc:7637 imb:56 pmb:3035 smb:5069 d:s ref:0 ;
in:1698 out:1700 type:b dur:2 cpbdur:2 q:24.28 aq:19.83 tex:7272 mv:5562 misc:6302 imb:11 pmb:1913 smb:6236 d:s ref:0 ;
in:1700 out:1701 type:b dur:2 cpbdur:2 q:24.30 aq:20.37 tex:11491 mv:7676 misc:6049 imb:23 pmb:1715 smb:6422 d:- ref:0 ;
in:1703 out:1702 type:P dur:2 cpbdur:2 q:24.37 aq:15.60 tex:215527 mv:35342 misc:4539 imb:317 pmb:5867 smb:1976 d:s ref:0 ;
in:1702 out:1703 type:b dur:2 cpbdur:2 q:24.34 aq:20.23 tex:12748 mv:10133 misc:5111 imb:43 pmb:1469 smb:6648 d:s ref:0 ;
in:1707 out:1704 type:P dur:2 cpbdur:2 q:24.42 aq:15.87 tex:239632 mv:37697 misc:3951 imb:379 pmb:6102 smb:1679 d:s ref:0 ;
in:1705 out:1705 type:B dur:2 cpbdur:2 q:24.40 aq:19.72 tex:21247 mv:12588 misc:6869 imb:19 pmb:2327 smb:5814 d:s ref:0 ;
in:1704 out:1706 type:b dur:2 cpbdur:2 q:24.39 aq:20.46 tex:3359 mv:3088 misc:4057 imb:3 pmb:911 smb:7246 d:s ref:0 ;
in:1706 out:1707 type:b dur:2 cpbdur:2 q:24.41 aq:20.86 tex:6878 mv:3154 misc:4824 imb:2 pmb:1131 smb:7027 d:- ref:0 ;
in:1710 out:1708 type:P dur:2 cpbdur:2 q:24.38 aq:15.81 tex:253001 mv:37990 misc:3841 imb:426 pmb:6113 smb:1621 d:s ref:0 ;
in:1708 out:1709 type:B dur:2 cpbdur:2 q:24.41 aq:19.42 tex:12075 mv:7838 misc:4943 imb:12 pmb:1295 smb:6853 d:s ref:0 ;
in:1709 out:1710 type:b dur:2 cpbdur:2 q:24.39 aq:20.91 tex:11464 mv:9435 misc:5909 imb:15 pmb:1757 smb:6388 d:- ref:0 ;
in:1714 out:1711 type:P dur:2 cpbdur:2 q:24.38 aq:17.09 tex:134519 mv:32148 misc:5037 imb:204 pmb:5445 smb:2511 d:s ref:0 ;
in:1712 out:1712 type:B dur:2 cpbdur:2 q:24.38 aq:19.31 tex:19816 mv:11185 misc:6047 imb:9 pmb:2040 smb:6111 d:s ref:0 ;
in:1711 out:1713 type:b dur:2 cpbdur:2 q:24.38 aq:20.71 tex:3499 mv:2504 misc:3749 imb:1 pmb:817 smb:7342 d:s ref:0 ;
in:1713 out:1714 type:b dur:2 cpbdur:2 q:24.38 aq:20.66 tex:5839 mv:4272 misc:4569 imb:1 pmb:1134 smb:7025 d:- ref:0 ;
in:1717 out:1715 type:P dur:2 cpbdur:2 q:24.34 aq:15.09 tex:601739 mv:61986 misc:2371 imb:1934 pmb:5452 smb:774 d:s ref:0 ;
in:1715 out:1716 type:B dur:2 cpbdur:2 q:24.37 aq:20.44 tex:45704 mv:32904 misc:6696 imb:161 pmb:3142 smb:4857 d:s ref:0 ;
in:1716 out:1717 type:b dur:2 cpbdur:2 q:24.36 aq:20.35 tex:25077 mv:25840 misc:6987 imb:94 pmb:2776 smb:5290 d:- ref:0 ;
in:1721 out:1718 type:P dur:2 cpbdur:2 q:24.43 aq:16.08 tex:262186 mv:39215 misc:4215 imb:438 pmb:5922 smb:1800 d:s ref:0 ;
in:1719 out:1719 type:B dur:2 cpbdur:2 q:24.38 aq:19.14 tex:26740 mv:10821 misc:6559 imb:48 pmb:2137 smb:5975 d:s ref:0 ;
in:1718 out:1720 type:b dur:2 cpbdur:2 q:24.36 aq:20.38 tex:3153 mv:1798 misc:3209 imb:4 pmb:606 smb:7550 d:s ref:0 ;
in:1720 out:1721 type:b dur:2 cpbdur:2 q:24.41 aq:20.60 tex:13930 mv:7459 misc:5267 imb:27 pmb:1475 smb:6658 d:- ref:0 ;
in:1723 out:1722 type:P dur:2 cpbdur:2 q:24.45 aq:15.83 tex:295230 mv:41188 misc:3990 imb:365 pmb:5989 smb:1806 d:s ref:0 ;
in:1722 out:1723 type:b dur:2 cpbdur:2 q:24.44 aq:20.81 tex:18602 mv:13541 misc:5585 imb:52 pmb:1750 smb:6358 d:s ref:0 ;
in:1727 out:1724 type:P dur:2 cpbdur:2 q:24.48 aq:16.34 tex:268178 mv:41842 misc:3852 imb:440 pmb:6049 smb:1671 d:s ref:0 ;
in:1725 out:1725 type:B dur:2 cpbdur:2 q:24.47 aq:19.56 tex:26582 mv:11516 misc:7118 imb:32 pmb:2648 smb:5480 d:s ref:0 ;
in:1724 out:1726 type:b dur:2 cpbdur:2 q:24.46 aq:20.24 tex:2678 mv:1060 misc:2558 imb:1 pmb:449 smb:7710 d:s ref:0 ;
in:1726 out:1727 type:b dur:2 cpbdur:2 q:24.47 aq:21.09 tex:15543 mv:13950 misc:5491 imb:40 pmb:1751 smb:6369 d:- ref:0 ;
in:1731 out:1728 type:P dur:2 cpbdur:2 q:24.47 aq:16.93 tex:235438 mv:41757 misc:3989 imb:476 pmb:5956 smb:1728 d:s ref:0 ;
in:1729 out:1729 type:B dur:2 cpbdur:2 q:24.48 aq:19.67 tex:27451 mv:11268 misc:7281 imb:19 pmb:2842 smb:5299 d:s ref:0 ;
in:1728 out:1730 type:b dur:2 cpbdur:2 q:24.48 aq:21.06 tex:12444 mv:18160 misc:5036 imb:34 pmb:2108 smb:6018 d:s ref:0 ;
in:1730 out:1731 type:b dur:2 cpbdur:2 q:24.48 aq:20.29 tex:2969 mv:1093 misc:2778 imb:2 pmb:472 smb:7686 d:- ref:0 ;
in:1735 out:1732 type:P dur:2 cpbdur:2 q:24.44 aq:15.66 tex:602097 mv:62693 misc:2426 imb:1728 pmb:5672 smb:760 d:s ref:0 ;
in:1733 out:1733 type:B dur:2 cpbdur:2 q:24.46 aq:19.68 tex:73013 mv:43326 misc:7245 imb:137 pmb:4554 smb:3469 d:s ref:0 ;
in:1732 out:1734 type:b dur:2 cpbdur:2 q:24.47 aq:21.44 tex:29352 mv:26375 misc:6777 imb:45 pmb:2984 smb:5131 d:s ref:0 ;
in:1734 out:1735 type:b dur:2 cpbdur:2 q:24.45 aq:20.61 tex:29117 mv:24490 misc:7577 imb:80 pmb:3213 smb:4867 d:- ref:0 ;
in:1737 out:1736 type:P dur:2 cpbdur:2 q:24.53 aq:15.80 tex:226525 mv:36610 misc:4289 imb:325 pmb:5915 smb:1920 d:s ref:0 ;
in:1736 out:1737 type:b dur:2 cpbdur:2 q:24.48 aq:20.52 tex:8437 mv:6601 misc:5378 imb:10 pmb:1481 smb:6669 d:s ref:0 ;
in:1741 out:1738 type:P dur:2 cpbdur:2 q:24.57 aq:15.88 tex:321833 mv:45465 misc:3646 imb:535 pmb:5995 smb:1630 d:s ref:0 ;
in:1739 out:1739 type:B dur:2 cpbdur:2 q:24.55 aq:19.61 tex:30422 mv:19945 misc:7097 imb:58 pmb:2744 smb:5358 d:s ref:0 ;
in:1738 out:1740 type:b dur:2 cpbdur:2 q:24.54 aq:20.38 tex:4134 mv:4700 misc:4670 imb:2 pmb:1178 smb:6980 d:s ref:0 ;
in:1740 out:1741 type:b dur:2 cpbdur:2 q:24.56 aq:20.99 tex:17344 mv:14041 misc:6375 imb:26 pmb:2114 smb:6020 d:- ref:0 ;
in:1743 out:1742 type:P dur:2 cpbdur:2 q:24.59 aq:16.03 tex:216994 mv:29933 misc:4609 imb:186 pmb:5782 smb:2192 d:s ref:0 ;
in:1742 out:1743 type:b dur:2 cpbdur:2 q:24.58 aq:20.90 tex:6833 mv:3908 misc:4691 imb:3 pmb:1074 smb:7083 d:s ref:0 ;
in:1747 out:1744 type:P dur:2 cpbdur:2 q:24.61 aq:16.59 tex:194507 mv:35123 misc:4650 imb:380 pmb:5801 smb:1979 d:s ref:0 ;
in:1745 out:1745 type:B dur:2 cpbdur:2 q:24.60 aq:19.48 tex:19014 mv:9865 misc:6521 imb:8 pmb:2095 smb:6057 d:s ref:0 ;
in:1744 out:1746 type:b dur:2 cpbdur:2 q:24.59 aq:20.81 tex:3531 mv:2094 misc:3775 imb:1 pmb:754 smb:7405 d:s ref:0 ;
in:1746 out:1747 type:b dur:2 cpbdur:2 q:24.60 aq:20.75 tex:7572 mv:4948 misc:3840 imb:10 pmb:881 smb:7269 d:- ref:0 ;
in:1750 out:1748 type:P dur:2 cpbdur:2 q:24.58 aq:17.09 tex:153229 mv:33364 misc:4535 imb:268 pmb:5750 smb:2142 d:s ref:0 ;
in:1748 out:1749 type:B dur:2 cpbdur:2 q:24.60 aq:19.77 tex:8624 mv:2874 misc:4550 imb:9 pmb:989 smb:7162 d:s ref:0 ;
in:1749 out:1750 type:b dur:2 cpbdur:2 q:24.59 aq:20.80 tex:8526 mv:6252 misc:4702 imb:8 pmb:1208 smb:6944 d:- ref:0 ;
in:1754 out:1751 type:P dur:2 cpbdur:2 q:24.56 aq:17.69 tex:207689 mv:45279 misc:3912 imb:1088 pmb:5824 smb:1248 d:s ref:0 ;
in:1752 out:1752 type:B dur:2 cpbdur:2 q:24.57 aq:19.04 tex:24045 mv:12173 misc:6806 imb:72 pmb:2328 smb:5760 d:s ref:0 ;
in:1751 out:1753 type:b dur:2 cpbdur:2 q:24.58 aq:20.35 tex:6120 mv:3812 misc:5532 imb:4 pmb:1454 smb:6702 d:s ref:0 ;
in:1753 out:1754 type:b dur:2 cpbdur:2 q:24.57 aq:20.89 tex:12830 mv:6571 misc:6503 imb:11 pmb:1951 smb:6198 d:- ref:0 ;
in:1756 out:1755 type:P dur:2 cpbdur:2 q:24.52 aq:19.45 tex:53771 mv:20732 misc:6953 imb:116 pmb:3667 smb:4377 d:s ref:0 ;
in:1755 out:1756 type:b dur:2 cpbdur:2 q:24.54 aq:20.63 tex:8443 mv:4490 misc:4763 imb:5 pmb:1106 smb:7049 d:s ref:0 ;
in:1757 out:1757 type:P dur:2 cpbdur:2 q:24.50 aq:15.69 tex:835477 mv:73421 misc:1262 imb:5129 pmb:2781 smb:250 d:s ref:0 ;
in:1761 out:1758 type:P dur:2 cpbdur:2 q:24.59 aq:16.29 tex:323949 mv:51618 misc:3937 imb:970 pmb:5666 smb:1524 d:s ref:0 ;
in:1759 out:1759 type:B dur:2 cpbdur:2 q:24.55 aq:19.18 tex:56227 mv:33231 misc:7134 imb:98 pmb:3968 smb:4094 d:s ref:0 ;
in:1758 out:1760 type:b dur:2 cpbdur:2 q:24.52 aq:20.00 tex:3525 mv:3475 misc:4688 imb:2 pmb:1159 smb:6999 d:s ref:0 ;
in:1760 out:1761 type:b dur:2 cpbdur:2 q:24.57 aq:19.82 tex:11140 mv:8062 misc:5838 imb:37 pmb:1730 smb:6393 d:- ref:0 ;
in:1765 out:1762 type:P dur:2 cpbdur:2 q:24.60 aq:16.17 tex:424108 mv:53117 misc:3423 imb:852 pmb:5824 smb:1484 d:s ref:0 ;
in:1763 out:1763 type:B dur:2 cpbdur:2 q:24.60 aq:18.63 tex:86486 mv:40960 misc:6442 imb:123 pmb:4831 smb:3206 d:s ref:0 ;
in:1762 out:1764 type:b dur:2 cpbdur:2 q:24.60 aq:21.11 tex:33149 mv:27516 misc:7047 imb:77 pmb:3250 smb:4833 d:s ref:0 ;
in:1764 out:1765 type:b dur:2 cpbdur:2 q:24.60 aq:19.94 tex:5285 mv:3986 misc:5361 imb:15 pmb:1471 smb:6674 d:- ref:0 ;
in:1769 out:1766 type:P dur:2 cpbdur:2 q:24.72 aq:16.01 tex:361022 mv:52882 misc:2832 imb:1209 pmb:6142 smb:809 d:s ref:0 ;
in:1767 out:1767 type:B dur:2 cpbdur:2 q:24.66 aq:19.12 tex:40220 mv:23933 misc:7911 imb:98 pmb:3562 smb:4500 d:s ref:0 ;
in:1766 out:1768 type:b dur:2 cpbdur:2 q:24.63 aq:20.91 tex:15031 mv:10748 misc:6317 imb:47 pmb:1994 smb:6119 d:s ref:0 ;
in:1768 out:1769 type:b dur:2 cpbdur:2 q:24.69 aq:19.87 tex:19643 mv:13571 misc:6818 imb:82 pmb:2290 smb:5788 d:- ref:0 ;
in:1773 out:1770 type:P dur:2 cpbdur:2 q:24.79 aq:16.11 tex:305758 mv:45963 misc:3607 imb:781 pmb:6207 smb:1172 d:s ref:0 ;
in:1771 out:1771 type:B dur:2 cpbdur:2 q:24.76 aq:18.84 tex:65001 mv:26177 misc:7598 imb:54 pmb:4312 smb:3794 d:s ref:0 ;
in:1770 out:1772 type:b dur:2 cpbdur:2 q:24.74 aq:20.08 tex:5903 mv:3821 misc:5980 imb:17 pmb:1684 smb:6459 d:s ref:0 ;
in:1772 out:1773 type:b dur:2 cpbdur:2 q:24.78 aq:20.78 tex:10522 mv:5557 misc:5457 imb:20 pmb:1458 smb:6682 d:- ref:0 ;
in:1777 out:1774 type:P dur:2 cpbdur:2 q:24.80 aq:16.14 tex:312938 mv:45794 misc:3580 imb:684 pmb:6238 smb:1238 d:s ref:0 ;
in:1775 out:1775 type:B dur:2 cpbdur:2 q:24.80 aq:19.35 tex:28800 mv:17427 misc:7397 imb:57 pmb:2845 smb:5258 d:s ref:0 ;
in:1774 out:1776 type:b dur:2 cpbdur:2 q:24.80 aq:20.95 tex:15693 mv:10890 misc:5961 imb:48 pmb:1812 smb:6300 d:s ref:0 ;
in:1776 out:1777 type:b dur:2 cpbdur:2 q:24.80 aq:20.84 tex:10577 mv:5425 misc:5950 imb:17 pmb:1682 smb:6461 d:- ref:0 ;
in:1781 out:1778 type:P dur:2 cpbdur:2 q:24.83 aq:16.26 tex:325444 mv:45778 misc:4026 imb:638 pmb:6037 smb:1485 d:s ref:0 ;
in:1779 out:1779 type:B dur:2 cpbdur:2 q:24.82 aq:19.87 tex:25745 mv:19439 misc:7400 imb:27 pmb:2858 smb:5275 d:s ref:0 ;
in:1778 out:1780 type:b dur:2 cpbdur:2 q:24.81 aq:20.27 tex:5196 mv:3798 misc:5054 imb:7 pmb:1249 smb:6904 d:s ref:0 ;
in:1780 out:1781 type:b dur:2 cpbdur:2 q:24.83 aq:21.26 tex:17357 mv:15066 misc:6689 imb:18 pmb:2370 smb:5772 d:- ref:0 ;
in:1785 out:1782 type:P dur:2 cpbdur:2 q:24.84 aq:16.67 tex:246130 mv:37870 misc:4536 imb:554 pmb:5822 smb:1784 d:s ref:0 ;
in:1783 out:1783 type:B dur:2 cpbdur:2 q:24.84 aq:18.72 tex:38279 mv:18715 misc:7742 imb:44 pmb:3508 smb:4608 d:s ref:0 ;
in:1782 out:1784 type:b dur:2 cpbdur:2 q:24.84 aq:20.76 tex:10543 mv:6370 misc:6255 imb:24 pmb:1772 smb:6364 d:s ref:0 ;
in:1784 out:1785 type:b dur:2 cpbdur:2 q:24.84 aq:20.70 tex:3656 mv:2676 misc:4604 imb:2 pmb:1055 smb:7103 d:- ref:0 ;
in:1788 out:1786 type:P dur:2 cpbdur:2 q:24.83 aq:15.79 tex:409979 mv:51108 misc:2537 imb:1306 pmb:6135 smb:719 d:s ref:0 ;
in:1786 out:1787 type:B dur:2 cpbdur:2 q:24.84 aq:19.93 tex:23993 mv:12545 misc:6830 imb:74 pmb:2135 smb:5951 d:s ref:0 ;
in:1787 out:1788 type:b dur:2 cpbdur:2 q:24.83 aq:20.11 tex:17719 mv:12895 misc:6258 imb:78 pmb:1910 smb:6172 d:- ref:0 ;
in:1790 out:1789 type:P dur:2 cpbdur:2 q:24.86 aq:15.78 tex:297390 mv:34785 misc:3937 imb:459 pmb:6125 smb:1576 d:s ref:0 ;
in:1789 out:1790 type:b dur:2 cpbdur:2 q:24.85 aq:20.75 tex:8411 mv:3522 misc:3699 imb:18 pmb:786 smb:7356 d:s ref:0 ;
in:1794 out:1791 type:P dur:2 cpbdur:2 q:24.86 aq:16.00 tex:225082 mv:35667 misc:4539 imb:400 pmb:6064 smb:1696 d:s ref:0 ;
in:1792 out:1792 type:B dur:2 cpbdur:2 q:24.86 aq:19.62 tex:15341 mv:7387 misc:5480 imb:31 pmb:1436 smb:6693 d:s ref:0 ;
in:1791 out:1793 type:b dur:2 cpbdur:2 q:24.86 aq:20.70 tex:3458 mv:2489 misc:4397 imb:2 pmb:1003 smb:7155 d:s ref:0 ;
in:1793 out:1794 type:b dur:2 cpbdur:2 q:24.86 aq:21.24 tex:8640 mv:5545 misc:4927 imb:12 pmb:1217 smb:6931 d:- ref:0 ;
in:1797 out:1795 type:P dur:2 cpbdur:2 q:24.89 aq:16.08 tex:210534 mv:34992 misc:4410 imb:416 pmb:6077 smb:1667 d:s ref:0 ;
in:1795 out:1796 type:B dur:2 cpbdur:2 q:24.87 aq:19.90 tex:9768 mv:3938 misc:4862 imb:18 pmb:1108 smb:7034 d:s ref:0 ;
in:1796 out:1797 type:b dur:2 cpbdur:2 q:24.88 aq:20.64 tex:4786 mv:2542 misc:3848 imb:12 pmb:772 smb:7376 d:- ref:0 ;
in:1801 out:1798 type:P dur:2 cpbdur:2 q:24.89 aq:16.70 tex:159273 mv:32354 misc:5445 imb:385 pmb:5719 smb:2056 d:s ref:0 ;
in:1799 out:1799 type:B dur:2 cpbdur:2 q:24.89 aq:19.89 tex:11622 mv:6937 misc:5681 imb:19 pmb:1454 smb:6687 d:s ref:0 ;
in:1798 out:1800 type:b dur:2 cpbdur:2 q:24.89 aq:20.81 tex:3400 mv:2305 misc:3959 imb:1 pmb:832 smb:7327 d:s ref:0 ;
in:1800 out:1801 type:b dur:2 cpbdur:2 q:24.89 aq:21.11 tex:9089 mv:5071 misc:5448 imb:19 pmb:1391 smb:6750 d:- ref:0 ;
in:1803 out:1802 type:P dur:2 cpbdur:2 q:24.84 aq:16.47 tex:185680 mv:35982 misc:4810 imb:436 pmb:5783 smb:1941 d:s ref:0 ;
in:1802 out:1803 type:b dur:2 cpbdur:2 q:24.87 aq:21.18 tex:12308 mv:7724 misc:5704 imb:19 pmb:1537 smb:6604 d:s ref:0 ;
in:1807 out:1804 type:P dur:2 cpbdur:2 q:24.84 aq:16.41 tex:317008 mv:48469 misc:3235 imb:1126 pmb:6064 smb:970 d:s ref:0 ;
in:1805 out:1805 type:B dur:2 cpbdur:2 q:24.84 aq:19.72 tex:40935 mv:20788 misc:7829 imb:152 pmb:3317 smb:4691 d:s ref:0 ;
in:1804 out:1806 type:b dur:2 cpbdur:2 q:24.84 aq:20.25 tex:6337 mv:4704 misc:5735 imb:9 pmb:1579 smb:6572 d:s ref:0 ;
in:1806 out:1807 type:b dur:2 cpbdur:2 q:24.84 aq:20.68 tex:13340 mv:8770 misc:6378 imb:41 pmb:1852 smb:6267 d:- ref:0 ;
in:1811 out:1808 type:P dur:2 cpbdur:2 q:24.83 aq:16.50 tex:368203 mv:47166 misc:3471 imb:842 pmb:6015 smb:1303 d:s ref:0 ;
in:1809 out:1809 type:B dur:2 cpbdur:2 q:24.83 aq:19.77 tex:40135 mv:16354 misc:7447 imb:72 pmb:3330 smb:4758 d:s ref:0 ;
in:1808 out:1810 type:b dur:2 cpbdur:2 q:24.84 aq:21.22 tex:20985 mv:22562 misc:6221 imb:50 pmb:2512 smb:5598 d:s ref:0 ;
in:1810 out:1811 type:b dur:2 cpbdur:2 q:24.83 aq:20.48 tex:3791 mv:2007 misc:3490 imb:7 pmb:673 smb:7480 d:- ref:0 ;
in:1815 out:1812 type:P dur:2 cpbdur:2 q:24.86 aq:16.24 tex:332416 mv:51019 misc:3077 imb:1323 pmb:6160 smb:677 d:s ref:0 ;
in:1813 out:1813 type:B dur:2 cpbdur:2 q:24.84 aq:18.84 tex:55769 mv:25447 misc:7864 imb:107 pmb:3970 smb:4083 d:s ref:0 ;
in:1812 out:1814 type:b dur:2 cpbdur:2 q:24.84 aq:21.01 tex:16943 mv:8807 misc:6258 imb:50 pmb:1877 smb:6233 d:s ref:0 ;
in:1814 out:1815 type:b dur:2 cpbdur:2 q:24.85 aq:20.68 tex:20734 mv:14068 misc:6814 imb:66 pmb:2250 smb:5844 d:- ref:0 ;
in:1817 out:1816 type:P dur:2 cpbdur:2 q:24.89 aq:16.19 tex:263528 mv:38812 misc:4572 imb:679 pmb:6043 smb:1438 d:s ref:0 ;
in:1816 out:1817 type:b dur:2 cpbdur:2 q:24.87 aq:20.54 tex:14383 mv:9059 misc:6414 imb:31 pmb:1902 smb:6227 d:s ref:0 ;
in:1821 out:1818 type:P dur:2 cpbdur:2 q:24.92 aq:17.25 tex:199018 mv:36428 misc:4890 imb:539 pmb:5809 smb:1812 d:s ref:0 ;
in:1819 out:1819 type:B dur:2 cpbdur:2 q:24.91 aq:19.22 tex:24631 mv:12122 misc:7527 imb:48 pmb:2700 smb:5412 d:s ref:0 ;
in:1818 out:1820 type:b dur:2 cpbdur:2 q:24.90 aq:20.09 tex:3161 mv:1572 misc:3259 imb:4 pmb:614 smb:7542 d:s ref:0 ;
in:1820 out:1821 type:b dur:2 cpbdur:2 q:24.91 aq:20.45 tex:7214 mv:5002 misc:4504 imb:23 pmb:1028 smb:7109 d:- ref:0 ;
in:1823 out:1822 type:P dur:2 cpbdur:2 q:24.91 aq:16.01 tex:458302 mv:49639 misc:2379 imb:1591 pmb:6005 smb:564 d:s ref:0 ;
in:1822 out:1823 type:b dur:2 cpbdur:2 q:24.91 aq:19.51 tex:10968 mv:8018 misc:6174 imb:57 pmb:1828 smb:6275 d:s ref:0 ;
in:1827 out:1824 type:P dur:2 cpbdur:2 q:24.95 aq:16.44 tex:210882 mv:40196 misc:4906 imb:832 pmb:5892 smb:1436 d:s ref:0 ;
in:1825 out:1825 type:B dur:2 cpbdur:2 q:24.93 aq:19.47 tex:11877 mv:7351 misc:6036 imb:13 pmb:1717 smb:6430 d:s ref:0 ;
in:1824 out:1826 type:b dur:2 cpbdur:2 q:24.92 aq:20.39 tex:3390 mv:2118 misc:4068 imb:1 pmb:884 smb:7275 d:s ref:0 ;
in:1826 out:1827 type:b dur:2 cpbdur:2 q:24.94 aq:20.52 tex:10581 mv:8499 misc:5408 imb:34 pmb:1513 smb:6613 d:- ref:0 ;
in:1830 out:1828 type:P dur:2 cpbdur:2 q:24.97 aq:16.57 tex:222663 mv:39097 misc:4368 imb:526 pmb:6001 smb:1633 d:s ref:0 ;
in:1828 out:1829 type:B dur:2 cpbdur:2 q:24.96 aq:20.20 tex:14506 mv:9421 misc:5609 imb:31 pmb:1555 smb:6574 d:s ref:0 ;
in:1829 out:1830 type:b dur:2 cpbdur:2 q:24.96 aq:20.77 tex:5387 mv:3067 misc:4306 imb:8 pmb:952 smb:7200 d:- ref:0 ;
in:1834 out:1831 type:P dur:2 cpbdur:2 q:24.96 aq:16.73 tex:284429 mv:45441 misc:4538 imb:918 pmb:5867 smb:1375 d:s ref:0 ;
in:1832 out:1832 type:B dur:2 cpbdur:2 q:24.97 aq:20.10 tex:24108 mv:18908 misc:7360 imb:39 pmb:2770 smb:5351 d:s ref:0 ;
in:1831 out:1833 type:b dur:2 cpbdur:2 q:24.97 aq:20.73 tex:3394 mv:3112 misc:4478 imb:3 pmb:1042 smb:7115 d:s ref:0 ;
in:1833 out:1834 type:b dur:2 cpbdur:2 q:24.97 aq:21.26 tex:18278 mv:15153 misc:6769 imb:28 pmb:2343 smb:5789 d:- ref:0 ;
in:1837 out:1835 type:P dur:2 cpbdur:2 q:24.94 aq:17.20 tex:215844 mv:36649 misc:4363 imb:478 pmb:5900 smb:1782 d:s ref:0 ;
in:1835 out:1836 type:B dur:2 cpbdur:2 q:24.96 aq:20.00 tex:13430 mv:9755 misc:6039 imb:14 pmb:1811 smb:6335 d:s ref:0 ;
in:1836 out:1837 type:b dur:2 cpbdur:2 q:24.95 aq:20.82 tex:5706 mv:3035 misc:3915 imb:8 pmb:808 smb:7344 d:- ref:0 ;
in:1841 out:1838 type:P dur:2 cpbdur:2 q:24.94 aq:17.19 tex:241109 mv:47815 misc:3556 imb:1480 pmb:5749 smb:931 d:s ref:0 ;
in:1839 out:1839 type:B dur:2 cpbdur:2 q:24.94 aq:19.83 tex:19531 mv:12921 misc:6988 imb:60 pmb:2362 smb:5738 d:s ref:0 ;
in:1838 out:1840 type:b dur:2 cpbdur:2 q:24.94 aq:20.54 tex:4269 mv:3421 misc:5158 imb:2 pmb:1274 smb:6884 d:s ref:0 ;
in:1840 out:1841 type:b dur:2 cpbdur:2 q:24.94 aq:19.95 tex:14137 mv:9423 misc:6136 imb:72 pmb:1801 smb:6287 d:- ref:0 ;
in:1843 out:1842 type:P dur:2 cpbdur:2 q:24.93 aq:17.79 tex:96279 mv:30536 misc:6585 imb:321 pmb:5031 smb:2808 d:s ref:0 ;
in:1842 out:1843 type:b dur:2 cpbdur:2 q:24.93 aq:20.84 tex:10083 mv:5249 misc:5492 imb:8 pmb:1448 smb:6704 d:s ref:0 ;
in:1846 out:1844 type:P dur:2 cpbdur:2 q:24.93 aq:19.94 tex:117848 mv:35318 misc:6250 imb:580 pmb:4277 smb:3303 d:s ref:0 ;
in:1844 out:1845 type:B dur:2 cpbdur:2 q:24.93 aq:20.15 tex:3368 mv:2905 misc:3991 imb:3 pmb:921 smb:7236 d:s ref:0 ;
in:1845 out:1846 type:b dur:2 cpbdur:2 q:24.93 aq:21.24 tex:24350 mv:19726 misc:6924 imb:59 pmb:2775 smb:5326 d:- ref:0 ;
in:1847 out:1847 type:I dur:2 cpbdur:2 q:22.00 aq:14.41 tex:958858 mv:294079 misc:767 imb:8160 pmb:0 smb:0 d:s ref:;
in:1850 out:1848 type:P dur:2 cpbdur:2 q:25.06 aq:17.02 tex:574039 mv:53859 misc:2878 imb:2017 pmb:4759 smb:1384 d:s ref:0 ;
in:1848 out:1849 type:B dur:2 cpbdur:2 q:25.06 aq:19.66 tex:104983 mv:13485 misc:4036 imb:565 pmb:1218 smb:6377 d:s ref:0 ;
in:1849 out:1850 type:b dur:2 cpbdur:2 q:25.06 aq:21.39 tex:67609 mv:25599 misc:6096 imb:374 pmb:2178 smb:5608 d:- ref:0 ;
in:1854 out:1851 type:P dur:2 cpbdur:2 q:25.12 aq:17.25 tex:458749 mv:46828 misc:3439 imb:1736 pmb:4677 smb:1747 d:s ref:0 ;
in:1852 out:1852 type:B dur:2 cpbdur:2 q:25.09 aq:20.88 tex:61925 mv:23416 misc:5379 imb:880 pmb:1788 smb:5492 d:s ref:0 ;
in:1851 out:1853 type:b dur:2 cpbdur:2 q:25.08 aq:20.85 tex:3162 mv:2834 misc:4260 imb:5 pmb:1067 smb:7088 d:s ref:0 ;
in:1853 out:1854 type:b dur:2 cpbdur:2 q:25.10 aq:21.24 tex:44801 mv:18574 misc:5433 imb:882 pmb:1772 smb:5506 d:- ref:0 ;
in:1857 out:1855 type:P dur:2 cpbdur:2 q:25.26 aq:15.59 tex:489132 mv:51305 misc:2483 imb:2005 pmb:5404 smb:751 d:s ref:0 ;
in:1855 out:1856 type:B dur:2 cpbdur:2 q:25.17 aq:19.82 tex:64304 mv:25675 misc:6461 imb:963 pmb:2609 smb:4588 d:s ref:0 ;
in:1856 out:1857 type:b dur:2 cpbdur:2 q:25.21 aq:19.07 tex:18573 mv:17790 misc:6845 imb:585 pmb:2139 smb:5436 d:- ref:0 ;
in:1861 out:1858 type:P dur:2 cpbdur:2 q:25.34 aq:16.44 tex:355777 mv:43584 misc:3639 imb:852 pmb:5446 smb:1862 d:s ref:0 ;
in:1859 out:1859 type:B dur:2 cpbdur:2 q:25.30 aq:20.77 tex:30885 mv:22232 misc:7051 imb:38 pmb:2988 smb:5134 d:s ref:0 ;
in:1858 out:1860 type:b dur:2 cpbdur:2 q:25.28 aq:20.98 tex:3545 mv:4306 misc:4717 imb:4 pmb:1237 smb:6919 d:s ref:0 ;
in:1860 out:1861 type:b dur:2 cpbdur:2 q:25.32 aq:21.66 tex:11097 mv:6747 misc:5116 imb:35 pmb:1399 smb:6726 d:- ref:0 ;
in:1863 out:1862 type:P dur:2 cpbdur:2 q:25.38 aq:15.92 tex:361775 mv:39802 misc:3519 imb:687 pmb:5457 smb:2016 d:s ref:0 ;
in:1862 out:1863 type:b dur:2 cpbdur:2 q:25.36 aq:21.70 tex:11934 mv:10687 misc:5275 imb:10 pmb:1618 smb:6532 d:s ref:0 ;
in:1867 out:1864 type:P dur:2 cpbdur:2 q:25.44 aq:16.76 tex:259131 mv:29677 misc:4520 imb:419 pmb:5245 smb:2496 d:s ref:0 ;
in:1865 out:1865 type:B dur:2 cpbdur:2 q:25.41 aq:20.78 tex:18787 mv:8570 misc:6139 imb:17 pmb:1891 smb:6252 d:s ref:0 ;
in:1864 out:1866 type:b dur:2 cpbdur:2 q:25.40 aq:21.67 tex:1907 mv:1811 misc:2738 imb:2 pmb:535 smb:7623 d:s ref:0 ;
in:1866 out:1867 type:b dur:2 cpbdur:2 q:25.43 aq:21.40 tex:3750 mv:2325 misc:3181 imb:9 pmb:632 smb:7519 d:- ref:0 ;
in:1871 out:1868 type:P dur:2 cpbdur:2 q:25.43 aq:16.99 tex:305529 mv:35430 misc:4489 imb:483 pmb:5159 smb:2518 d:s ref:0 ;
in:1869 out:1869 type:B dur:2 cpbdur:2 q:25.44 aq:20.68 tex:21719 mv:13818 misc:6391 imb:30 pmb:2242 smb:5888 d:s ref:0 ;
in:1868 out:1870 type:b dur:2 cpbdur:2 q:25.44 aq:21.66 tex:7307 mv:6206 misc:4191 imb:22 pmb:985 smb:7153 d:s ref:0 ;
in:1870 out:1871 type:b dur:2 cpbdur:2 q:25.44 aq:21.21 tex:2244 mv:1486 misc:2782 imb:7 pmb:541 smb:7612 d:- ref:0 ;
in:1875 out:1872 type:P dur:2 cpbdur:2 q:25.42 aq:16.45 tex:366142 mv:45000 misc:3634 imb:1122 pmb:5182 smb:1856 d:s ref:0 ;
in:1873 out:1873 type:B dur:2 cpbdur:2 q:25.43 aq:19.83 tex:23172 mv:15264 misc:5812 imb:72 pmb:1893 smb:6195 d:s ref:0 ;
in:1872 out:1874 type:b dur:2 cpbdur:2 q:25.43 aq:21.39 tex:6223 mv:4871 misc:4706 imb:13 pmb:1157 smb:6990 d:s ref:0 ;
in:1874 out:1875 type:b dur:2 cpbdur:2 q:25.43 aq:21.29 tex:12398 mv:11452 misc:5518 imb:36 pmb:1657 smb:6467 d:- ref:0 ;
in:1877 out:1876 type:P dur:2 cpbdur:2 q:25.47 aq:16.14 tex:207887 mv:30658 misc:4927 imb:422 pmb:5164 smb:2574 d:s ref:0 ;
in:1876 out:1877 type:b dur:2 cpbdur:2 q:25.45 aq:21.12 tex:7357 mv:4465 misc:4714 imb:16 pmb:1180 smb:6964 d:s ref:0 ;
in:1881 out:1878 type:P dur:2 cpbdur:2 q:25.49 aq:16.72 tex:219343 mv:31988 misc:4589 imb:346 pmb:5155 smb:2659 d:s ref:0 ;
in:1879 out:1879 type:B dur:2 cpbdur:2 q:25.48 aq:20.66 tex:15471 mv:8457 misc:5832 imb:31 pmb:1791 smb:6338 d:s ref:0 ;
in:1878 out:1880 type:b dur:2 cpbdur:2 q:25.47 aq:21.36 tex:2004 mv:1499 misc:2321 imb:6 pmb:385 smb:7769 d:s ref:0 ;
in:1880 out:1881 type:b dur:2 cpbdur:2 q:25.48 aq:20.91 tex:7271 mv:5754 misc:3399 imb:18 pmb:814 smb:7328 d:- ref:0 ;
in:1883 out:1882 type:P dur:2 cpbdur:2 q:25.43 aq:16.62 tex:218719 mv:26995 misc:4494 imb:311 pmb:4897 smb:2952 d:s ref:0 ;
in:1882 out:1883 type:b dur:2 cpbdur:2 q:25.46 aq:21.02 tex:2822 mv:1028 misc:2598 imb:6 pmb:451 smb:7703 d:s ref:0 ;
in:1887 out:1884 type:P dur:2 cpbdur:2 q:25.43 aq:16.74 tex:185002 mv:30012 misc:4722 imb:341 pmb:4919 smb:2900 d:s ref:0 ;
in:1885 out:1885 type:B dur:2 cpbdur:2 q:25.43 aq:20.46 tex:10449 mv:6470 misc:4017 imb:29 pmb:1044 smb:7087 d:s ref:0 ;
in:1884 out:1886 type:b dur:2 cpbdur:2 q:25.43 aq:20.89 tex:2191 mv:1487 misc:3194 imb:2 pmb:642 smb:7516 d:s ref:0 ;
in:1886 out:1887 type:b dur:2 cpbdur:2 q:25.43 aq:21.46 tex:5249 mv:3619 misc:3828 imb:15 pmb:877 smb:7268 d:- ref:0 ;
in:1890 out:1888 type:P dur:2 cpbdur:2 q:25.43 aq:16.98 tex:153217 mv:26364 misc:4531 imb:206 pmb:4892 smb:3062 d:s ref:0 ;
in:1888 out:1889 type:B dur:2 cpbdur:2 q:25.43 aq:20.87 tex:10730 mv:5179 misc:4163 imb:12 pmb:1027 smb:7121 d:s ref:0 ;
in:1889 out:1890 type:b dur:2 cpbdur:2 q:25.43 aq:21.56 tex:3960 mv:2586 misc:3326 imb:7 pmb:680 smb:7473 d:- ref:0 ;
in:1894 out:1891 type:P dur:2 cpbdur:2 q:25.41 aq:16.49 tex:264115 mv:38902 misc:3287 imb:928 pmb:5123 smb:2109 d:s ref:0 ;
in:1892 out:1892 type:B dur:2 cpbdur:2 q:25.42 aq:20.68 tex:14503 mv:9016 misc:6393 imb:24 pmb:1974 smb:6162 d:s ref:0 ;
in:1891 out:1893 type:b dur:2 cpbdur:2 q:25.43 aq:21.25 tex:2145 mv:1206 misc:2449 imb:2 pmb:416 smb:7742 d:s ref:0 ;
in:1893 out:1894 type:b dur:2 cpbdur:2 q:25.42 aq:21.10 tex:10295 mv:6332 misc:5213 imb:41 pmb:1383 smb:6736 d:- ref:0 ;
in:1897 out:1895 type:P dur:2 cpbdur:2 q:25.35 aq:16.81 tex:196719 mv:27767 misc:4066 imb:275 pmb:5067 smb:2818 d:s ref:0 ;
in:1895 out:1896 type:B dur:2 cpbdur:2 q:25.39 aq:20.78 tex:5177 mv:2497 misc:3550 imb:6 pmb:700 smb:7454 d:s ref:0 ;
in:1896 out:1897 type:b dur:2 cpbdur:2 q:25.37 aq:21.41 tex:3967 mv:2792 misc:3217 imb:8 pmb:622 smb:7530 d:- ref:0 ;
in:1901 out:1898 type:P dur:2 cpbdur:2 q:25.34 aq:17.14 tex:122833 mv:26582 misc:5145 imb:238 pmb:4729 smb:3193 d:s ref:0 ;
in:1899 out:1899 type:B dur:2 cpbdur:2 q:25.34 aq:20.16 tex:8889 mv:4582 misc:4769 imb:7 pmb:1162 smb:6991 d:s ref:0 ;
in:1898 out:1900 type:b dur:2 cpbdur:2 q:25.35 aq:21.12 tex:1736 mv:728 misc:2080 imb:1 pmb:310 smb:7849 d:s ref:0 ;
in:1900 out:1901 type:b dur:2 cpbdur:2 q:25.34 aq:20.81 tex:3824 mv:1924 misc:3252 imb:7 pmb:666 smb:7487 d:- ref:0 ;
in:1903 out:1902 type:P dur:2 cpbdur:2 q:25.30 aq:16.76 tex:164165 mv:29852 misc:4447 imb:400 pmb:4642 smb:3118 d:s ref:0 ;
in:1902 out:1903 type:b dur:2 cpbdur:2 q:25.32 aq:21.95 tex:10740 mv:8967 misc:4133 imb:45 pmb:1077 smb:7038 d:s ref:0 ;
in:1907 out:1904 type:P dur:2 cpbdur:2 q:25.29 aq:16.89 tex:230756 mv:35276 misc:3416 imb:542 pmb:5018 smb:2600 d:s ref:0 ;
in:1905 out:1905 type:B dur:2 cpbdur:2 q:25.30 aq:20.96 tex:21111 mv:12739 misc:6550 imb:40 pmb:2364 smb:5756 d:s ref:0 ;
in:1904 out:1906 type:b dur:2 cpbdur:2 q:25.30 aq:20.58 tex:3944 mv:3263 misc:4129 imb:6 pmb:948 smb:7206 d:s ref:0 ;
in:1906 out:1907 type:b dur:2 cpbdur:2 q:25.29 aq:21.51 tex:4241 mv:2887 misc:3416 imb:6 pmb:740 smb:7414 d:- ref:0 ;
in:1909 out:1908 type:P dur:2 cpbdur:2 q:25.26 aq:16.88 tex:157786 mv:26742 misc:4832 imb:212 pmb:4626 smb:3322 d:s ref:0 ;
in:1908 out:1909 type:b dur:2 cpbdur:2 q:25.27 aq:21.52 tex:5440 mv:5343 misc:3297 imb:19 pmb:715 smb:7426 d:s ref:0 ;
in:1913 out:1910 type:P dur:2 cpbdur:2 q:25.26 aq:16.19 tex:303453 mv:40223 misc:2924 imb:873 pmb:5199 smb:2088 d:s ref:0 ;
in:1911 out:1911 type:B dur:2 cpbdur:2 q:25.26 aq:19.38 tex:21130 mv:12589 misc:5969 imb:62 pmb:1995 smb:6103 d:s ref:0 ;
in:1910 out:1912 type:b dur:2 cpbdur:2 q:25.26 aq:20.97 tex:2312 mv:1692 misc:3948 imb:9 pmb:877 smb:7274 d:s ref:0 ;
in:1912 out:1913 type:b dur:2 cpbdur:2 q:25.26 aq:21.55 tex:5677 mv:3832 misc:4739 imb:11 pmb:1115 smb:7034 d:- ref:0 ;
in:1917 out:1914 type:P dur:2 cpbdur:2 q:25.25 aq:16.43 tex:177758 mv:30422 misc:4156 imb:411 pmb:5048 smb:2701 d:s ref:0 ;
in:1915 out:1915 type:B dur:2 cpbdur:2 q:25.25 aq:20.15 tex:15984 mv:7474 misc:5414 imb:22 pmb:1512 smb:6626 d:s ref:0 ;
in:1914 out:1916 type:b dur:2 cpbdur:2 q:25.26 aq:21.37 tex:2909 mv:1603 misc:2536 imb:6 pmb:440 smb:7714 d:s ref:0 ;
in:1916 out:1917 type:b dur:2 cpbdur:2 q:25.25 aq:21.80 tex:6104 mv:3539 misc:3621 imb:10 pmb:789 smb:7361 d:- ref:0 ;
in:1921 out:1918 type:P dur:2 cpbdur:2 q:25.22 aq:17.10 tex:136043 mv:25458 misc:4883 imb:225 pmb:4766 smb:3169 d:s ref:0 ;
in:1919 out:1919 type:B dur:2 cpbdur:2 q:25.23 aq:20.08 tex:6822 mv:3060 misc:4126 imb:7 pmb:892 smb:7261 d:s ref:0 ;
in:1918 out:1920 type:b dur:2 cpbdur:2 q:25.24 aq:22.05 tex:1969 mv:860 misc:2043 imb:5 pmb:294 smb:7861 d:s ref:0 ;
in:1920 out:1921 type:b dur:2 cpbdur:2 q:25.23 aq:21.68 tex:4314 mv:2860 misc:3298 imb:13 pmb:637 smb:7510 d:- ref:0 ;
in:1923 out:1922 type:P dur:2 cpbdur:2 q:25.17 aq:16.93 tex:119631 mv:26827 misc:4798 imb:238 pmb:4686 smb:3236 d:s ref:0 ;
in:1922 out:1923 type:b dur:2 cpbdur:2 q:25.20 aq:21.62 tex:3827 mv:3356 misc:2945 imb:11 pmb:616 smb:7533 d:s ref:0 ;
in:1927 out:1924 type:P dur:2 cpbdur:2 q:25.16 aq:17.67 tex:112799 mv:29139 misc:4790 imb:346 pmb:4544 smb:3270 d:s ref:0 ;
in:1925 out:1925 type:B dur:2 cpbdur:2 q:25.17 aq:19.78 tex:9664 mv:4468 misc:4964 imb:11 pmb:1252 smb:6897 d:s ref:0 ;
in:1924 out:1926 type:b dur:2 cpbdur:2 q:25.17 aq:21.25 tex:2330 mv:1240 misc:2478 imb:4 pmb:391 smb:7765 d:s ref:0 ;
in:1926 out:1927 type:b dur:2 cpbdur:2 q:25.16 aq:21.84 tex:9555 mv:7682 misc:4899 imb:20 pmb:1363 smb:6777 d:- ref:0 ;
in:1930 out:1928 type:P dur:2 cpbdur:2 q:25.10 aq:16.80 tex:345395 mv:45198 misc:2807 imb:1283 pmb:4800 smb:2077 d:s ref:0 ;
in:1928 out:1929 type:B dur:2 cpbdur:2 q:25.14 aq:20.25 tex:27191 mv:19850 misc:6287 imb:86 pmb:2425 smb:5649 d:s ref:0 ;
in:1929 out:1930 type:b dur:2 cpbdur:2 q:25.12 aq:20.67 tex:3721 mv:2257 misc:3382 imb:9 pmb:710 smb:7441 d:- ref:0 ;
in:1934 out:1931 type:P dur:2 cpbdur:2 q:25.10 aq:16.99 tex:224396 mv:39585 misc:3763 imb:510 pmb:4982 smb:2668 d:s ref:0 ;
in:1932 out:1932 type:B dur:2 cpbdur:2 q:25.10 aq:20.68 tex:20924 mv:18290 misc:5834 imb:31 pmb:2111 smb:6018 d:s ref:0 ;
in:1931 out:1933 type:b dur:2 cpbdur:2 q:25.10 aq:20.48 tex:2805 mv:2371 misc:3696 imb:8 pmb:820 smb:7332 d:s ref:0 ;
in:1933 out:1934 type:b dur:2 cpbdur:2 q:25.10 aq:22.06 tex:9409 mv:9625 misc:4518 imb:11 pmb:1386 smb:6763 d:- ref:0 ;
in:1937 out:1935 type:P dur:2 cpbdur:2 q:25.10 aq:17.12 tex:177125 mv:35952 misc:3939 imb:352 pmb:4956 smb:2852 d:s ref:0 ;
in:1935 out:1936 type:B dur:2 cpbdur:2 q:25.10 aq:20.67 tex:24498 mv:15990 misc:5256 imb:20 pmb:2020 smb:6120 d:s ref:0 ;
in:1936 out:1937 type:b dur:2 cpbdur:2 q:25.10 aq:21.23 tex:4126 mv:2956 misc:3350 imb:11 pmb:682 smb:7467 d:- ref:0 ;
in:1941 out:1938 type:P dur:2 cpbdur:2 q:25.10 aq:17.06 tex:312499 mv:43240 misc:3477 imb:809 pmb:4537 smb:2814 d:s ref:0 ;
in:1939 out:1939 type:B dur:2 cpbdur:2 q:25.10 aq:20.29 tex:37551 mv:26089 misc:5864 imb:62 pmb:2531 smb:5567 d:s ref:0 ;
in:1938 out:1940 type:b dur:2 cpbdur:2 q:25.10 aq:19.98 tex:2721 mv:2382 misc:3489 imb:9 pmb:768 smb:7383 d:s ref:0 ;
in:1940 out:1941 type:b dur:2 cpbdur:2 q:25.10 aq:21.47 tex:22925 mv:21341 misc:5606 imb:51 pmb:2263 smb:5846 d:- ref:0 ;
in:1943 out:1942 type:P dur:2 cpbdur:2 q:25.10 aq:16.66 tex:221003 mv:34127 misc:3798 imb:564 pmb:4567 smb:3029 d:s ref:0 ;
in:1942 out:1943 type:b dur:2 cpbdur:2 q:25.10 aq:20.60 tex:6359 mv:4712 misc:4561 imb:7 pmb:1178 smb:6975 d:s ref:0 ;
in:1947 out:1944 type:P dur:2 cpbdur:2 q:25.12 aq:16.77 tex:295090 mv:44250 misc:2620 imb:1041 pmb:4959 smb:2160 d:s ref:0 ;
in:1945 out:1945 type:B dur:2 cpbdur:2 q:25.11 aq:19.98 tex:16650 mv:9855 misc:6383 imb:26 pmb:2350 smb:5784 d:s ref:0 ;
in:1944 out:1946 type:b dur:2 cpbdur:2 q:25.10 aq:20.54 tex:2247 mv:1319 misc:2186 imb:4 pmb:340 smb:7816 d:s ref:0 ;
in:1946 out:1947 type:b dur:2 cpbdur:2 q:25.12 aq:20.80 tex:13157 mv:12978 misc:5593 imb:64 pmb:1756 smb:6340 d:- ref:0 ;
in:1951 out:1948 type:P dur:2 cpbdur:2 q:25.12 aq:16.92 tex:219534 mv:36006 misc:3356 imb:446 pmb:5003 smb:2711 d:s ref:0 ;
in:1949 out:1949 type:B dur:2 cpbdur:2 q:25.12 aq:20.32 tex:19599 mv:11805 misc:6428 imb:36 pmb:2156 smb:5968 d:s ref:0 ;
in:1948 out:1950 type:b dur:2 cpbdur:2 q:25.12 aq:21.06 tex:4905 mv:4776 misc:4167 imb:9 pmb:1025 smb:7126 d:s ref:0 ;
in:1950 out:1951 type:b dur:2 cpbdur:2 q:25.12 aq:21.31 tex:2726 mv:2683 misc:3575 imb:5 pmb:749 smb:7406 d:- ref:0 ;
in:1955 out:1952 type:P dur:2 cpbdur:2 q:25.09 aq:16.87 tex:167358 mv:31868 misc:3798 imb:302 pmb:5068 smb:2790 d:s ref:0 ;
in:1953 out:1953 type:B dur:2 cpbdur:2 q:25.10 aq:19.30 tex:29534 mv:13602 misc:6640 imb:15 pmb:2738 smb:5407 d:s ref:0 ;
in:1952 out:1954 type:b dur:2 cpbdur:2 q:25.11 aq:21.53 tex:7387 mv:5849 misc:4988 imb:9 pmb:1297 smb:6854 d:s ref:0 ;
in:1954 out:1955 type:b dur:2 cpbdur:2 q:25.10 aq:21.16 tex:5866 mv:3339 misc:4403 imb:3 pmb:996 smb:7161 d:- ref:0 ;
in:1959 out:1956 type:P dur:2 cpbdur:2 q:25.06 aq:17.53 tex:129594 mv:29079 misc:4175 imb:215 pmb:4709 smb:3236 d:s ref:0 ;
in:1957 out:1957 type:B dur:2 cpbdur:2 q:25.08 aq:19.46 tex:19486 mv:7870 misc:6116 imb:9 pmb:1931 smb:6220 d:s ref:0 ;
in:1956 out:1958 type:b dur:2 cpbdur:2 q:25.08 aq:20.52 tex:6780 mv:4193 misc:4395 imb:12 pmb:1051 smb:7097 d:s ref:0 ;
in:1958 out:1959 type:b dur:2 cpbdur:2 q:25.07 aq:19.99 tex:2227 mv:1228 misc:2769 imb:2 pmb:478 smb:7680 d:- ref:0 ;
in:1963 out:1960 type:P dur:2 cpbdur:2 q:25.03 aq:17.88 tex:435550 mv:51449 misc:2713 imb:2378 pmb:4991 smb:791 d:s ref:0 ;
in:1961 out:1961 type:B dur:2 cpbdur:2 q:25.04 aq:19.43 tex:23264 mv:14840 misc:6728 imb:57 pmb:2463 smb:5640 d:s ref:0 ;
in:1960 out:1962 type:b dur:2 cpbdur:2 q:25.05 aq:20.73 tex:5022 mv:3160 misc:4018 imb:8 pmb:903 smb:7249 d:s ref:0 ;
in:1962 out:1963 type:b dur:2 cpbdur:2 q:25.04 aq:20.20 tex:17013 mv:12142 misc:6229 imb:151 pmb:1948 smb:6061 d:- ref:0 ;
in:1967 out:1964 type:P dur:2 cpbdur:2 q:25.03 aq:20.30 tex:263445 mv:43876 misc:4887 imb:1932 pmb:3872 smb:2356 d:s ref:0 ;
in:1965 out:1965 type:B dur:2 cpbdur:2 q:25.03 aq:20.19 tex:124662 mv:33841 misc:6625 imb:980 pmb:3230 smb:3950 d:s ref:0 ;
in:1964 out:1966 type:b dur:2 cpbdur:2 q:25.03 aq:20.59 tex:4337 mv:3620 misc:5107 imb:2 pmb:1314 smb:6844 d:s ref:0 ;
in:1966 out:1967 type:b dur:2 cpbdur:2 q:25.03 aq:20.98 tex:20724 mv:8931 misc:6449 imb:63 pmb:2038 smb:6059 d:- ref:0 ;
in:1968 out:1968 type:I dur:2 cpbdur:2 q:22.19 aq:13.86 tex:887248 mv:289963 misc:717 imb:8160 pmb:0 smb:0 d:s ref:;
in:1972 out:1969 type:P dur:2 cpbdur:2 q:25.20 aq:17.41 tex:269643 mv:49815 misc:3502 imb:622 pmb:5553 smb:1985 d:s ref:0 ;
in:1970 out:1970 type:B dur:2 cpbdur:2 q:25.20 aq:19.17 tex:22556 mv:7764 misc:5128 imb:43 pmb:1580 smb:6537 d:s ref:0 ;
in:1969 out:1971 type:b dur:2 cpbdur:2 q:25.20 aq:21.37 tex:20437 mv:36962 misc:5305 imb:52 pmb:3728 smb:4380 d:s ref:0 ;
in:1971 out:1972 type:b dur:2 cpbdur:2 q:25.20 aq:20.52 tex:2557 mv:914 misc:2065 imb:5 pmb:366 smb:7789 d:- ref:0 ;
in:1976 out:1973 type:P dur:2 cpbdur:2 q:25.25 aq:16.73 tex:442489 mv:56828 misc:2811 imb:1096 pmb:5806 smb:1258 d:s ref:0 ;
in:1974 out:1974 type:B dur:2 cpbdur:2 q:25.23 aq:20.21 tex:54218 mv:35761 misc:6941 imb:116 pmb:3751 smb:4293 d:s ref:0 ;
in:1973 out:1975 type:b dur:2 cpbdur:2 q:25.21 aq:21.82 tex:31201 mv:26901 misc:6682 imb:85 pmb:2883 smb:5192 d:s ref:0 ;
in:1975 out:1976 type:b dur:2 cpbdur:2 q:25.24 aq:21.56 tex:17211 mv:17713 misc:6212 imb:57 pmb:2101 smb:6002 d:- ref:0 ;
in:1980 out:1977 type:P dur:2 cpbdur:2 q:25.32 aq:17.28 tex:302044 mv:45903 misc:3125 imb:539 pmb:5962 smb:1659 d:s ref:0 ;
in:1978 out:1978 type:B dur:2 cpbdur:2 q:25.29 aq:19.44 tex:21114 mv:12300 misc:6914 imb:28 pmb:2463 smb:5669 d:s ref:0 ;
in:1977 out:1979 type:b dur:2 cpbdur:2 q:25.27 aq:20.38 tex:2627 mv:1451 misc:2890 imb:7 pmb:511 smb:7642 d:s ref:0 ;
in:1979 out:1980 type:b dur:2 cpbdur:2 q:25.31 aq:21.28 tex:15755 mv:15165 misc:6464 imb:35 pmb:2164 smb:5961 d:- ref:0 ;
in:1983 out:1981 type:P dur:2 cpbdur:2 q:25.35 aq:16.38 tex:382759 mv:50135 misc:2258 imb:1155 pmb:6224 smb:781 d:s ref:0 ;
in:1981 out:1982 type:B dur:2 cpbdur:2 q:25.33 aq:20.40 tex:26060 mv:15630 misc:7566 imb:100 pmb:3032 smb:5028 d:s ref:0 ;
in:1982 out:1983 type:b dur:2 cpbdur:2 q:25.34 aq:21.16 tex:8305 mv:5211 misc:5644 imb:15 pmb:1489 smb:6656 d:- ref:0 ;
in:1987 out:1984 type:P dur:2 cpbdur:2 q:25.37 aq:17.01 tex:233871 mv:39448 misc:3913 imb:370 pmb:6038 smb:1752 d:s ref:0 ;
in:1985 out:1985 type:B dur:2 cpbdur:2 q:25.36 aq:20.23 tex:15962 mv:10358 misc:6168 imb:22 pmb:1821 smb:6317 d:s ref:0 ;
in:1984 out:1986 type:b dur:2 cpbdur:2 q:25.36 aq:20.80 tex:3202 mv:2520 misc:3598 imb:1 pmb:770 smb:7389 d:s ref:0 ;
in:1986 out:1987 type:b dur:2 cpbdur:2 q:25.37 aq:21.09 tex:5210 mv:2936 misc:4190 imb:6 pmb:937 smb:7217 d:- ref:0 ;
in:1990 out:1988 type:P dur:2 cpbdur:2 q:25.37 aq:16.67 tex:291580 mv:43288 misc:3708 imb:929 pmb:5993 smb:1238 d:s ref:0 ;
in:1988 out:1989 type:B dur:2 cpbdur:2 q:25.37 aq:20.15 tex:11557 mv:7427 misc:5016 imb:12 pmb:1379 smb:6769 d:s ref:0 ;
in:1989 out:1990 type:b dur:2 cpbdur:2 q:25.37 aq:21.31 tex:5815 mv:4413 misc:4708 imb:11 pmb:1136 smb:7013 d:- ref:0 ;
in:1994 out:1991 type:P dur:2 cpbdur:2 q:25.38 aq:17.09 tex:246587 mv:42478 misc:4047 imb:851 pmb:5869 smb:1440 d:s ref:0 ;
in:1992 out:1992 type:B dur:2 cpbdur:2 q:25.38 aq:20.16 tex:41032 mv:14550 misc:6634 imb:272 pmb:2195 smb:5693 d:s ref:0 ;
in:1991 out:1993 type:b dur:2 cpbdur:2 q:25.37 aq:20.69 tex:2183 mv:1141 misc:2588 imb:1 pmb:436 smb:7723 d:s ref:0 ;
in:1993 out:1994 type:b dur:2 cpbdur:2 q:25.38 aq:20.71 tex:23314 mv:9696 misc:4150 imb:166 pmb:1044 smb:6950 d:- ref:0 ;
in:1997 out:1995 type:P dur:2 cpbdur:2 q:25.37 aq:16.99 tex:223220 mv:37701 misc:4231 imb:782 pmb:5650 smb:1728 d:s ref:0 ;
in:1995 out:1996 type:B dur:2 cpbdur:2 q:25.38 aq:20.30 tex:25621 mv:9022 misc:4045 imb:278 pmb:984 smb:6898 d:s ref:0 ;
in:1996 out:1997 type:b dur:2 cpbdur:2 q:25.37 aq:21.01 tex:16429 mv:10454 misc:5285 imb:190 pmb:1433 smb:6537 d:- ref:0 ;
in:2001 out:1998 type:P dur:2 cpbdur:2 q:25.37 aq:16.64 tex:327278 mv:48254 misc:2700 imb:1387 pmb:6039 smb:734 d:s ref:0 ;
in:1999 out:1999 type:B dur:2 cpbdur:2 q:25.37 aq:20.07 tex:24559 mv:17623 misc:7218 imb:226 pmb:2543 smb:5391 d:s ref:0 ;
in:1998 out:2000 type:b dur:2 cpbdur:2 q:25.37 aq:19.90 tex:5133 mv:3516 misc:4911 imb:12 pmb:1273 smb:6875 d:s ref:0 ;
in:2000 out:2001 type:b dur:2 cpbdur:2 q:25.37 aq:20.68 tex:10904 mv:6859 misc:5053 imb:189 pmb:1263 smb:6708 d:- ref:0 ;
in:2003 out:2002 type:P dur:2 cpbdur:2 q:25.37 aq:16.78 tex:177624 mv:34744 misc:4968 imb:461 pmb:5832 smb:1867 d:s ref:0 ;
in:2002 out:2003 type:b dur:2 cpbdur:2 q:25.37 aq:21.06 tex:6052 mv:4390 misc:4550 imb:18 pmb:1056 smb:7086 d:s ref:0 ;
in:2007 out:2004 type:P dur:2 cpbdur:2 q:25.39 aq:17.27 tex:217138 mv:40725 misc:4001 imb:453 pmb:5946 smb:1761 d:s ref:0 ;
in:2005 out:2005 type:B dur:2 cpbdur:2 q:25.38 aq:21.12 tex:15679 mv:11075 misc:6398 imb:29 pmb:1946 smb:6185 d:s ref:0 ;
in:2004 out:2006 type:b dur:2 cpbdur:2 q:25.38 aq:21.14 tex:3353 mv:3797 misc:4418 imb:4 pmb:1022 smb:7134 d:s ref:0 ;
in:2006 out:2007 type:b dur:2 cpbdur:2 q:25.39 aq:21.11 tex:6291 mv:6017 misc:5292 imb:10 pmb:1422 smb:6728 d:- ref:0 ;
in:2011 out:2008 type:P dur:2 cpbdur:2 q:25.38 aq:17.57 tex:243550 mv:45808 misc:4018 imb:659 pmb:5753 smb:1748 d:s ref:0 ;
in:2009 out:2009 type:B dur:2 cpbdur:2 q:25.39 aq:21.33 tex:28940 mv:20340 misc:7192 imb:60 pmb:2920 smb:5180 d:s ref:0 ;
in:2008 out:2010 type:b dur:2 cpbdur:2 q:25.39 aq:21.21 tex:6353 mv:5836 misc:5083 imb:7 pmb:1326 smb:6827 d:s ref:0 ;
in:2010 out:2011 type:b dur:2 cpbdur:2 q:25.38 aq:21.01 tex:3075 mv:3132 misc:4105 imb:3 pmb:927 smb:7230 d:- ref:0 ;
in:2015 out:2012 type:P dur:2 cpbdur:2 q:25.35 aq:17.61 tex:319647 mv:48303 misc:3714 imb:840 pmb:5484 smb:1836 d:s ref:0 ;
in:2013 out:2013 type:B dur:2 cpbdur:2 q:25.36 aq:20.05 tex:71179 mv:33248 misc:6749 imb:147 pmb:4079 smb:3934 d:s ref:0 ;
in:2012 out:2014 type:b dur:2 cpbdur:2 q:25.37 aq:20.90 tex:5850 mv:3788 misc:4794 imb:10 pmb:1203 smb:6947 d:s ref:0 ;
in:2014 out:2015 type:b dur:2 cpbdur:2 q:25.36 aq:21.81 tex:21927 mv:13435 misc:5734 imb:57 pmb:1730 smb:6373 d:- ref:0 ;
in:2017 out:2016 type:P dur:2 cpbdur:2 q:25.35 aq:16.45 tex:418729 mv:49704 misc:2567 imb:1315 pmb:5839 smb:1006 d:s ref:0 ;
in:2016 out:2017 type:b dur:2 cpbdur:2 q:25.35 aq:21.20 tex:33561 mv:12177 misc:6102 imb:99 pmb:1945 smb:6116 d:s ref:0 ;
in:2019 out:2018 type:P dur:2 cpbdur:2 q:25.39 aq:17.27 tex:147886 mv:18680 misc:7018 imb:221 pmb:4096 smb:3843 d:s ref:0 ;
in:2018 out:2019 type:b dur:2 cpbdur:2 q:25.37 aq:20.92 tex:2060 mv:656 misc:2068 imb:2 pmb:330 smb:7828 d:s ref:0 ;
in:2021 out:2020 type:P dur:2 cpbdur:2 q:25.38 aq:16.94 tex:224890 mv:35102 misc:4784 imb:376 pmb:5501 smb:2283 d:s ref:0 ;
in:2020 out:2021 type:b dur:2 cpbdur:2 q:25.39 aq:21.48 tex:15729 mv:8727 misc:3328 imb:36 pmb:903 smb:7221 d:s ref:0 ;
in:2023 out:2022 type:P dur:2 cpbdur:2 q:25.43 aq:16.43 tex:306996 mv:39795 misc:3617 imb:541 pmb:5760 smb:1859 d:s ref:0 ;
in:2022 out:2023 type:b dur:2 cpbdur:2 q:25.40 aq:21.41 tex:10751 mv:5190 misc:3203 imb:54 pmb:774 smb:7332 d:s ref:0 ;
in:2027 out:2024 type:P dur:2 cpbdur:2 q:25.46 aq:17.21 tex:161064 mv:30539 misc:5653 imb:285 pmb:5384 smb:2491 d:s ref:0 ;
in:2025 out:2025 type:B dur:2 cpbdur:2 q:25.44 aq:19.91 tex:5440 mv:3151 misc:4129 imb:11 pmb:943 smb:7206 d:s ref:0 ;
in:2024 out:2026 type:b dur:2 cpbdur:2 q:25.44 aq:21.15 tex:2350 mv:953 misc:2729 imb:0 pmb:503 smb:7657 d:s ref:0 ;
in:2026 out:2027 type:b dur:2 cpbdur:2 q:25.45 aq:21.70 tex:7457 mv:3856 misc:3599 imb:9 pmb:815 smb:7336 d:- ref:0 ;
in:2030 out:2028 type:P dur:2 cpbdur:2 q:25.45 aq:17.26 tex:202381 mv:36232 misc:4699 imb:449 pmb:5558 smb:2153 d:s ref:0 ;
in:2028 out:2029 type:B dur:2 cpbdur:2 q:25.46 aq:20.98 tex:11107 mv:8033 misc:4652 imb:33 pmb:1244 smb:6883 d:s ref:0 ;
in:2029 out:2030 type:b dur:2 cpbdur:2 q:25.45 aq:21.85 tex:4790 mv:3624 misc:4298 imb:7 pmb:1012 smb:7141 d:- ref:0 ;
in:2034 out:2031 type:P dur:2 cpbdur:2 q:25.44 aq:17.57 tex:246574 mv:45984 misc:3914 imb:978 pmb:5725 smb:1457 d:s ref:0 ;
in:2032 out:2032 type:B dur:2 cpbdur:2 q:25.44 aq:20.32 tex:15450 mv:12255 misc:6599 imb:29 pmb:2197 smb:5934 d:s ref:0 ;
in:2031 out:2033 type:b dur:2 cpbdur:2 q:25.45 aq:21.48 tex:2799 mv:2323 misc:3430 imb:2 pmb:728 smb:7430 d:s ref:0 ;
in:2033 out:2034 type:b dur:2 cpbdur:2 q:25.44 aq:21.50 tex:16176 mv:12592 misc:6432 imb:47 pmb:2130 smb:5983 d:- ref:0 ;
in:2037 out:2035 type:P dur:2 cpbdur:2 q:25.41 aq:17.10 tex:457658 mv:56153 misc:2757 imb:1228 pmb:5560 smb:1372 d:s ref:0 ;
in:2035 out:2036 type:B dur:2 cpbdur:2 q:25.43 aq:20.40 tex:35065 mv:22285 misc:7034 imb:44 pmb:3066 smb:5050 d:s ref:0 ;
in:2036 out:2037 type:b dur:2 cpbdur:2 q:25.42 aq:20.80 tex:5398 mv:5783 misc:4395 imb:17 pmb:1208 smb:6935 d:- ref:0 ;
in:2041 out:2038 type:P dur:2 cpbdur:2 q:25.45 aq:16.99 tex:361070 mv:48395 misc:3287 imb:917 pmb:5418 smb:1825 d:s ref:0 ;
in:2039 out:2039 type:B dur:2 cpbdur:2 q:25.43 aq:20.86 tex:31797 mv:28799 misc:6676 imb:96 pmb:3045 smb:5019 d:s ref:0 ;
in:2038 out:2040 type:b dur:2 cpbdur:2 q:25.42 aq:20.32 tex:2205 mv:1812 misc:3295 imb:4 pmb:679 smb:7477 d:s ref:0 ;
in:2040 out:2041 type:b dur:2 cpbdur:2 q:25.44 aq:22.09 tex:11652 mv:15537 misc:5667 imb:33 pmb:1888 smb:6239 d:- ref:0 ;
in:2043 out:2042 type:P dur:2 cpbdur:2 q:25.49 aq:16.85 tex:179118 mv:34716 misc:4622 imb:256 pmb:5640 smb:2264 d:s ref:0 ;
in:2042 out:2043 type:b dur:2 cpbdur:2 q:25.47 aq:21.41 tex:4715 mv:3838 misc:4447 imb:8 pmb:1070 smb:7082 d:s ref:0 ;
in:2047 out:2044 type:P dur:2 cpbdur:2 q:25.51 aq:17.01 tex:238546 mv:40131 misc:3643 imb:433 pmb:5642 smb:2085 d:s ref:0 ;
in:2045 out:2045 type:B dur:2 cpbdur:2 q:25.50 aq:20.98 tex:21035 mv:15585 misc:6604 imb:40 pmb:2310 smb:5810 d:s ref:0 ;
in:2044 out:2046 type:b dur:2 cpbdur:2 q:25.50 aq:20.95 tex:2307 mv:3213 misc:3568 imb:2 pmb:756 smb:7402 d:s ref:0 ;
in:2046 out:2047 type:b dur:2 cpbdur:2 q:25.51 aq:21.45 tex:6937 mv:4722 misc:3069 imb:18 pmb:680 smb:7462 d:- ref:0 ;
in:2049 out:2048 type:P dur:2 cpbdur:2 q:25.48 aq:17.21 tex:136333 mv:26866 misc:5409 imb:220 pmb:5035 smb:2905 d:s ref:0 ;
in:2048 out:2049 type:b dur:2 cpbdur:2 q:25.50 aq:21.30 tex:5620 mv:2345 misc:3011 imb:17 pmb:597 smb:7546 d:s ref:0 ;
in:2053 out:2050 type:P dur:2 cpbdur:2 q:25.47 aq:16.70 tex:327697 mv:48680 misc:2791 imb:1194 pmb:5732 smb:1234 d:s ref:0 ;
in:2051 out:2051 type:B dur:2 cpbdur:2 q:25.48 aq:19.84 tex:20932 mv:10240 misc:7228 imb:34 pmb:2604 smb:5522 d:s ref:0 ;
in:2050 out:2052 type:b dur:2 cpbdur:2 q:25.48 aq:21.31 tex:2397 mv:1219 misc:2664 imb:7 pmb:457 smb:7696 d:s ref:0 ;
in:2052 out:2053 type:b dur:2 cpbdur:2 q:25.48 aq:21.17 tex:14259 mv:11194 misc:6027 imb:68 pmb:1867 smb:6225 d:- ref:0 ;
in:2057 out:2054 type:P dur:2 cpbdur:2 q:25.47 aq:16.55 tex:300327 mv:44404 misc:3357 imb:537 pmb:5886 smb:1737 d:s ref:0 ;
in:2055 out:2055 type:B dur:2 cpbdur:2 q:25.47 aq:19.99 tex:18798 mv:16021 misc:6365 imb:44 pmb:2146 smb:5970 d:s ref:0 ;
in:2054 out:2056 type:b dur:2 cpbdur:2 q:25.47 aq:21.28 tex:4634 mv:3077 misc:3681 imb:10 pmb:835 smb:7315 d:s ref:0 ;
in:2056 out:2057 type:b dur:2 cpbdur:2 q:25.47 aq:21.65 tex:9029 mv:10456 misc:4963 imb:21 pmb:1412 smb:6727 d:- ref:0 ;
in:2061 out:2058 type:P dur:2 cpbdur:2 q:25.47 aq:17.37 tex:172616 mv:34552 misc:4440 imb:351 pmb:5594 smb:2215 d:s ref:0 ;
in:2059 out:2059 type:B dur:2 cpbdur:2 q:25.47 aq:20.26 tex:15481 mv:10270 misc:5441 imb:14 pmb:1730 smb:6416 d:s ref:0 ;
in:2058 out:2060 type:b dur:2 cpbdur:2 q:25.47 aq:21.49 tex:2624 mv:2579 misc:3349 imb:6 pmb:689 smb:7465 d:s ref:0 ;
in:2060 out:2061 type:b dur:2 cpbdur:2 q:25.47 aq:21.39 tex:4869 mv:4125 misc:4078 imb:7 pmb:957 smb:7196 d:- ref:0 ;
in:2063 out:2062 type:P dur:2 cpbdur:2 q:25.44 aq:17.10 tex:171342 mv:35014 misc:4596 imb:469 pmb:5220 smb:2471 d:s ref:0 ;
in:2062 out:2063 type:b dur:2 cpbdur:2 q:25.46 aq:21.58 tex:12115 mv:9724 misc:4185 imb:60 pmb:1160 smb:6940 d:s ref:0 ;
in:2067 out:2064 type:P dur:2 cpbdur:2 q:25.44 aq:17.98 tex:128071 mv:33450 misc:5111 imb:331 pmb:5125 smb:2704 d:s ref:0 ;
in:2065 out:2065 type:B dur:2 cpbdur:2 q:25.44 aq:20.30 tex:9710 mv:5309 misc:4957 imb:18 pmb:1279 smb:6863 d:s ref:0 ;
in:2064 out:2066 type:b dur:2 cpbdur:2 q:25.44 aq:21.62 tex:2535 mv:2014 misc:3563 imb:4 pmb:752 smb:7404 d:s ref:0 ;
in:2066 out:2067 type:b dur:2 cpbdur:2 q:25.44 aq:21.43 tex:5707 mv:2765 misc:3856 imb:10 pmb:795 smb:7355 d:- ref:0 ;
in:2070 out:2068 type:P dur:2 cpbdur:2 q:25.40 aq:17.07 tex:396403 mv:54081 misc:2724 imb:1324 pmb:5573 smb:1263 d:s ref:0 ;
in:2068 out:2069 type:B dur:2 cpbdur:2 q:25.43 aq:21.07 tex:17109 mv:14369 misc:5514 imb:30 pmb:1912 smb:6218 d:s ref:0 ;
in:2069 out:2070 type:b dur:2 cpbdur:2 q:25.41 aq:21.09 tex:18555 mv:18344 misc:5925 imb:91 pmb:2020 smb:6049 d:- ref:0 ;
in:2074 out:2071 type:P dur:2 cpbdur:2 q:25.42 aq:17.44 tex:236632 mv:47659 misc:3661 imb:847 pmb:5421 smb:1892 d:s ref:0 ;
in:2072 out:2072 type:B dur:2 cpbdur:2 q:25.41 aq:19.83 tex:7995 mv:5719 misc:5150 imb:17 pmb:1457 smb:6686 d:s ref:0 ;
in:2071 out:2073 type:b dur:2 cpbdur:2 q:25.41 aq:20.11 tex:1748 mv:817 misc:2051 imb:5 pmb:306 smb:7849 d:s ref:0 ;
in:2073 out:2074 type:b dur:2 cpbdur:2 q:25.41 aq:21.74 tex:14290 mv:15761 misc:5909 imb:41 pmb:1966 smb:6153 d:- ref:0 ;
in:2077 out:2075 type:P dur:2 cpbdur:2 q:25.42 aq:17.67 tex:230869 mv:45301 misc:3870 imb:612 pmb:5602 smb:1946 d:s ref:0 ;
in:2075 out:2076 type:B dur:2 cpbdur:2 q:25.42 aq:21.34 tex:18466 mv:18352 misc:6014 imb:43 pmb:2097 smb:6020 d:s ref:0 ;
in:2076 out:2077 type:b dur:2 cpbdur:2 q:25.42 aq:20.49 tex:3950 mv:2142 misc:3244 imb:11 pmb:675 smb:7474 d:- ref:0 ;
in:2081 out:2078 type:P dur:2 cpbdur:2 q:25.42 aq:17.17 tex:376275 mv:53569 misc:3356 imb:1284 pmb:5015 smb:1861 d:s ref:0 ;
in:2079 out:2079 type:B dur:2 cpbdur:2 q:25.42 aq:21.01 tex:44699 mv:33128 misc:6093 imb:117 pmb:2988 smb:5055 d:s ref:0 ;
in:2078 out:2080 type:b dur:2 cpbdur:2 q:25.42 aq:21.04 tex:3158 mv:2723 misc:4023 imb:2 pmb:963 smb:7195 d:s ref:0 ;
in:2080 out:2081 type:b dur:2 cpbdur:2 q:25.42 aq:21.89 tex:29780 mv:24567 misc:5973 imb:59 pmb:2502 smb:5599 d:- ref:0 ;
in:2083 out:2082 type:P dur:2 cpbdur:2 q:25.45 aq:17.12 tex:178446 mv:33576 misc:4866 imb:259 pmb:5269 smb:2632 d:s ref:0 ;
in:2082 out:2083 type:b dur:2 cpbdur:2 q:25.43 aq:20.60 tex:4617 mv:2478 misc:3849 imb:0 pmb:871 smb:7289 d:s ref:0 ;
in:2087 out:2084 type:P dur:2 cpbdur:2 q:25.47 aq:17.01 tex:281766 mv:46859 misc:3599 imb:1149 pmb:5539 smb:1472 d:s ref:0 ;
in:2085 out:2085 type:B dur:2 cpbdur:2 q:25.46 aq:20.20 tex:30015 mv:18399 misc:7194 imb:65 pmb:2992 smb:5103 d:s ref:0 ;
in:2084 out:2086 type:b dur:2 cpbdur:2 q:25.45 aq:21.28 tex:3189 mv:3306 misc:3945 imb:0 pmb:904 smb:7256 d:s ref:0 ;
in:2086 out:2087 type:b dur:2 cpbdur:2 q:25.46 aq:21.21 tex:18556 mv:14557 misc:6415 imb:83 pmb:2209 smb:5868 d:- ref:0 ;
in:2091 out:2088 type:P dur:2 cpbdur:2 q:25.46 aq:17.38 tex:175154 mv:39252 misc:4554 imb:658 pmb:5552 smb:1950 d:s ref:0 ;
in:2089 out:2089 type:B dur:2 cpbdur:2 q:25.46 aq:20.32 tex:25027 mv:12891 misc:6770 imb:43 pmb:2517 smb:5600 d:s ref:0 ;
in:2088 out:2090 type:b dur:2 cpbdur:2 q:25.46 aq:21.09 tex:10222 mv:5624 misc:5634 imb:20 pmb:1517 smb:6623 d:s ref:0 ;
in:2090 out:2091 type:b dur:2 cpbdur:2 q:25.46 aq:20.91 tex:3281 mv:2596 misc:3483 imb:6 pmb:720 smb:7434 d:- ref:0 ;
in:2095 out:2092 type:P dur:2 cpbdur:2 q:25.42 aq:18.22 tex:127699 mv:37587 misc:5138 imb:509 pmb:5207 smb:2444 d:s ref:0 ;
in:2093 out:2093 type:B dur:2 cpbdur:2 q:25.44 aq:20.32 tex:33034 mv:17005 misc:7209 imb:66 pmb:2947 smb:5147 d:s ref:0 ;
in:2092 out:2094 type:b dur:2 cpbdur:2 q:25.45 aq:21.56 tex:9416 mv:6902 misc:4402 imb:25 pmb:1145 smb:6990 d:s ref:0 ;
in:2094 out:2095 type:b dur:2 cpbdur:2 q:25.43 aq:21.57 tex:6406 mv:4305 misc:4857 imb:3 pmb:1195 smb:6962 d:- ref:0 ;
in:2097 out:2096 type:P dur:2 cpbdur:2 q:25.39 aq:18.34 tex:223629 mv:38082 misc:4169 imb:984 pmb:5420 smb:1756 d:s ref:0 ;
in:2096 out:2097 type:b dur:2 cpbdur:2 q:25.41 aq:21.04 tex:13669 mv:6600 misc:4563 imb:113 pmb:1139 smb:6908 d:s ref:0 ;
in:2101 out:2098 type:P dur:2 cpbdur:2 q:25.40 aq:21.29 tex:61355 mv:23549 misc:6776 imb:683 pmb:2507 smb:4970 d:s ref:0 ;
in:2099 out:2099 type:B dur:2 cpbdur:2 q:25.40 aq:20.65 tex:39641 mv:11530 misc:5853 imb:267 pmb:1872 smb:6021 d:s ref:0 ;
in:2098 out:2100 type:b dur:2 cpbdur:2 q:25.39 aq:21.26 tex:3450 mv:3199 misc:4167 imb:2 pmb:935 smb:7223 d:s ref:0 ;
in:2100 out:2101 type:b dur:2 cpbdur:2 q:25.40 aq:21.76 tex:8483 mv:6633 misc:5100 imb:16 pmb:1342 smb:6802 d:- ref:0 ;
